Commune,Number of sales,Average registered price per squared meter in €,MinPriceSM,MaxPriceSM,Year,,,,,,,,,,,
Beaufort,3,3488.124,2301,4852,2009,,,,,,,,,,,
Bech,0,3488.124,2301,4852,2009,,,,,,,,,,,
Beckerich,3,3488.124,2301,4852,2009,,,,,,,,,,,
Berdorf,3,3488.124,2301,4852,2009,,,,,,,,,,,
Bertrange,27,4050.6390000000001,2478,5653,2009,,,,,,,,,,,
Bettembourg,32,3542.5970000000002,2760,4428,2009,,,,,,,,,,,
Bettendorf,3,3488.124,2301,4852,2009,,,,,,,,,,,
Betzdorf,7,3488.124,2301,4852,2009,,,,,,,,,,,
Bissen,11,3254.0239999999999,2618,3657,2009,,,,,,,,,,,
Biwer,1,3488.124,2301,4852,2009,,,,,,,,,,,
Boevange-sur-Attert,2,3488.124,2301,4852,2009,,,,,,,,,,,
Boulaide,2,3488.124,2301,4852,2009,,,,,,,,,,,
Bourscheid,0,3488.124,2301,4852,2009,,,,,,,,,,,
Bous,3,3488.124,2301,4852,2009,,,,,,,,,,,
Clervaux,12,2922.7860000000001,2048,3629,2009,,,,,,,,,,,
Colmar-Berg,14,3243.431,2295,3705,2009,,,,,,,,,,,
Consdorf,4,3488.124,2301,4852,2009,,,,,,,,,,,
Contern,13,3577.672,2393,5612,2009,,,,,,,,,,,
Dalheim,7,3488.124,2301,4852,2009,,,,,,,,,,,
Diekirch,26,3254.674,1876,4545,2009,,,,,,,,,,,
Differdange,149,3197.4050000000002,2157,4114,2009,,,,,,,,,,,
Dippach,23,3022.317,1586,4014,2009,,,,,,,,,,,
Dudelange,111,3264.3040000000001,2315,4180,2009,,,,,,,,,,,
Echternach,23,3201.4679999999998,2105,4401,2009,,,,,,,,,,,
Ell,6,3488.124,2301,4852,2009,,,,,,,,,,,
Erpeldange,5,3488.124,2301,4852,2009,,,,,,,,,,,
Esch-sur-Alzette,145,3145.165,2231,4129,2009,,,,,,,,,,,
Esch-sur-Sûre,0,3488.124,2301,4852,2009,,,,,,,,,,,
Eschweiler,4,3488.124,2301,4852,2009,,,,,,,,,,,
Ettelbruck,37,3117.3470000000002,2252,4010,2009,,,,,,,,,,,
Feulen,1,3488.124,2301,4852,2009,,,,,,,,,,,
Fischbach,9,3488.124,2301,4852,2009,,,,,,,,,,,
Flaxweiler,0,3488.124,2301,4852,2009,,,,,,,,,,,
Frisange,30,3365.4760000000001,2273,4304,2009,,,,,,,,,,,
Garnich,2,3488.124,2301,4852,2009,,,,,,,,,,,
Goesdorf,3,3488.124,2301,4852,2009,,,,,,,,,,,
Grevenmacher,28,3174.88,1984,4149,2009,,,,,,,,,,,
Grosbous,1,3488.124,2301,4852,2009,,,,,,,,,,,
Heffingen,3,3488.124,2301,4852,2009,,,,,,,,,,,
Hesperange,103,3793.0390000000002,2772,4858,2009,,,,,,,,,,,
Hobscheid,15,3440.9769999999999,2644,4510,2009,,,,,,,,,,,
Junglinster,19,3759.1410000000001,2852,4487,2009,,,,,,,,,,,
Kaerjeng,45,3202.2150000000001,2269,3966,2009,,,,,,,,,,,
Kayl,61,3245.489,2167,4040,2009,,,,,,,,,,,
Kehlen,13,3067.42,1838,4216,2009,,,,,,,,,,,
Kiischpelt,0,3488.124,2301,4852,2009,,,,,,,,,,,
Koerich,4,3488.124,2301,4852,2009,,,,,,,,,,,
Kopstal,6,3488.124,2301,4852,2009,,,,,,,,,,,
Lac de la Haute-Sûre,0,3488.124,2301,4852,2009,,,,,,,,,,,
Larochette,8,3488.124,2301,4852,2009,,,,,,,,,,,
Lenningen,6,3488.124,2301,4852,2009,,,,,,,,,,,
Leudelange,12,4316.9030000000002,3089,5212,2009,,,,,,,,,,,
Lintgen,10,3587.5390000000002,2753,3889,2009,,,,,,,,,,,
Lorentzweiler,12,3831.1680000000001,2646,4898,2009,,,,,,,,,,,
Luxembourg City,415,4060.2109999999998,2595,5695,2009,,,,,,,,,,,
Mamer,19,3635.1660000000002,2311,4926,2009,,,,,,,,,,,
Manternach,1,3488.124,2301,4852,2009,,,,,,,,,,,
Mersch,32,3312.248,2430,4526,2009,,,,,,,,,,,
Mertert,12,3199.788,2110,4063,2009,,,,,,,,,,,
Mertzig,3,3488.124,2301,4852,2009,,,,,,,,,,,
Mompach,0,3488.124,2301,4852,2009,,,,,,,,,,,
Mondercange,32,3483.4749999999999,2795,4197,2009,,,,,,,,,,,
Mondorf-les-Bains,34,3598.9839999999999,1806,4595,2009,,,,,,,,,,,
Niederanven,5,3488.124,2301,4852,2009,,,,,,,,,,,
Nommern,2,3488.124,2301,4852,2009,,,,,,,,,,,
Parc Hosingen,8,3488.124,2301,4852,2009,,,,,,,,,,,
Petange,87,3076.0340000000001,2079,4268,2009,,,,,,,,,,,
Preizerdaul,1,3488.124,2301,4852,2009,,,,,,,,,,,
Putscheid,0,3488.124,2301,4852,2009,,,,,,,,,,,
Rambrouch,0,3488.124,2301,4852,2009,,,,,,,,,,,
Reckange-sur-Mess,8,3488.124,2301,4852,2009,,,,,,,,,,,
Redange,4,3488.124,2301,4852,2009,,,,,,,,,,,
Reisdorf,0,3488.124,2301,4852,2009,,,,,,,,,,,
Remich,31,3106.261,2301,3905,2009,,,,,,,,,,,
Roeser,41,3822.8879999999999,2636,4619,2009,,,,,,,,,,,
Rosport,3,3488.124,2301,4852,2009,,,,,,,,,,,
Rumelange,20,3295.2240000000002,2375,4324,2009,,,,,,,,,,,
Saeul,8,3488.124,2301,4852,2009,,,,,,,,,,,
Sandweiler,11,3974.0169999999998,2590,4549,2009,,,,,,,,,,,
Sanem,88,3358.0169999999998,2636,4332,2009,,,,,,,,,,,
Schengen,15,3106.413,2197,4329,2009,,,,,,,,,,,
Schieren,0,3488.124,2301,4852,2009,,,,,,,,,,,
Schifflange,40,3171.576,2510,3851,2009,,,,,,,,,,,
Schuttrange,10,3655.212,2301,4153,2009,,,,,,,,,,,
Septfontaines,0,3488.124,2301,4852,2009,,,,,,,,,,,
Stadtbredimus,11,3457.5039999999999,2654,3853,2009,,,,,,,,,,,
Steinfort,17,3551.9879999999998,1805,4662,2009,,,,,,,,,,,
Steinsel,17,3576.7420000000002,2087,4746,2009,,,,,,,,,,,
Strassen,46,3998.2530000000002,2922,5780,2009,,,,,,,,,,,
Tandel,3,3488.124,2301,4852,2009,,,,,,,,,,,
Troisvierges,2,3488.124,2301,4852,2009,,,,,,,,,,,
Tuntange,0,3488.124,2301,4852,2009,,,,,,,,,,,
Useldange,7,3488.124,2301,4852,2009,,,,,,,,,,,
Vallée de l'Ernz,2,3488.124,2301,4852,2009,,,,,,,,,,,
Vianden,1,3488.124,2301,4852,2009,,,,,,,,,,,
Vichten,6,3488.124,2301,4852,2009,,,,,,,,,,,
Wahl,0,3488.124,2301,4852,2009,,,,,,,,,,,
Waldbillig,5,3488.124,2301,4852,2009,,,,,,,,,,,
Waldbredimus,1,3488.124,2301,4852,2009,,,,,,,,,,,
Walferdange,42,3880.605,2739,4834,2009,,,,,,,,,,,
Weiler-la-Tour,3,3488.124,2301,4852,2009,,,,,,,,,,,
Weiswampach,5,3488.124,2301,4852,2009,,,,,,,,,,,
Wiltz,8,3488.124,2301,4852,2009,,,,,,,,,,,
Wincrange,3,3488.124,2301,4852,2009,,,,,,,,,,,
Winseler,4,3488.124,2301,4852,2009,,,,,,,,,,,
Wormeldange,2,3488.124,2301,4852,2009,,,,,,,,,,,
National Average,,3488.1239999999998,2301,4852,2009,,,,,,,,,,,
Beaufort,2,3663.585,2438,5142,2010,,,,,,,,,,,
Bech,0,3663.585,2438,5142,2010,,,,,,,,,,,
Beckerich,10,3140.9989999999998,2397,3950,2010,,,,,,,,,,,
Berdorf,2,3663.585,2438,5142,2010,,,,,,,,,,,
Bertrange,20,4122.1710000000003,3227,5567,2010,,,,,,,,,,,
Bettembourg,34,3482.89,2470,4289,2010,,,,,,,,,,,
Bettendorf,4,3663.585,2438,5142,2010,,,,,,,,,,,
Betzdorf,10,4306.1189999999997,3448,5001,2010,,,,,,,,,,,
Bissen,14,3245.1750000000002,2272,4000,2010,,,,,,,,,,,
Biwer,3,3663.585,2438,5142,2010,,,,,,,,,,,
Boevange-sur-Attert,2,3663.585,2438,5142,2010,,,,,,,,,,,
Boulaide,2,3663.585,2438,5142,2010,,,,,,,,,,,
Bourscheid,0,3663.585,2438,5142,2010,,,,,,,,,,,
Bous,5,3663.585,2438,5142,2010,,,,,,,,,,,
Clervaux,12,3321.924,2524,4865,2010,,,,,,,,,,,
Colmar-Berg,15,3213.2089999999998,2422,4270,2010,,,,,,,,,,,
Consdorf,3,3663.585,2438,5142,2010,,,,,,,,,,,
Contern,11,3853.9180000000001,2191,4993,2010,,,,,,,,,,,
Dalheim,12,3391.2310000000002,2705,4254,2010,,,,,,,,,,,
Diekirch,18,3428.99,2455,4152,2010,,,,,,,,,,,
Differdange,174,3268.7959999999998,2391,4073,2010,,,,,,,,,,,
Dippach,16,3531.395,2103,5111,2010,,,,,,,,,,,
Dudelange,123,3459.9929999999999,2527,4420,2010,,,,,,,,,,,
Echternach,26,3389.8339999999998,2491,4249,2010,,,,,,,,,,,
Ell,8,3663.585,2438,5142,2010,,,,,,,,,,,
Erpeldange,7,3663.585,2438,5142,2010,,,,,,,,,,,
Esch-sur-Alzette,160,3334.614,2441,4532,2010,,,,,,,,,,,
Esch-sur-Sûre,1,3663.585,2438,5142,2010,,,,,,,,,,,
Eschweiler,4,3663.585,2438,5142,2010,,,,,,,,,,,
Ettelbruck,47,3295.174,2112,4302,2010,,,,,,,,,,,
Feulen,3,3663.585,2438,5142,2010,,,,,,,,,,,
Fischbach,4,3663.585,2438,5142,2010,,,,,,,,,,,
Flaxweiler,0,3663.585,2438,5142,2010,,,,,,,,,,,
Frisange,28,3648.6179999999999,2706,4807,2010,,,,,,,,,,,
Garnich,1,3663.585,2438,5142,2010,,,,,,,,,,,
Goesdorf,4,3663.585,2438,5142,2010,,,,,,,,,,,
Grevenmacher,32,3631.9110000000001,2620,4795,2010,,,,,,,,,,,
Grosbous,1,3663.585,2438,5142,2010,,,,,,,,,,,
Heffingen,0,3663.585,2438,5142,2010,,,,,,,,,,,
Hesperange,76,4236.4830000000002,3195,5277,2010,,,,,,,,,,,
Hobscheid,15,3462.752,2855,3830,2010,,,,,,,,,,,
Junglinster,16,3728.8440000000001,2739,4620,2010,,,,,,,,,,,
Kaerjeng,46,3454.3380000000002,2362,4284,2010,,,,,,,,,,,
Kayl,48,3426.9650000000001,2088,4406,2010,,,,,,,,,,,
Kehlen,8,3663.585,2438,5142,2010,,,,,,,,,,,
Kiischpelt,4,3663.585,2438,5142,2010,,,,,,,,,,,
Koerich,1,3663.585,2438,5142,2010,,,,,,,,,,,
Kopstal,5,3663.585,2438,5142,2010,,,,,,,,,,,
Lac de la Haute-Sûre,3,3663.585,2438,5142,2010,,,,,,,,,,,
Larochette,17,2951.252,1742,3909,2010,,,,,,,,,,,
Lenningen,5,3663.585,2438,5142,2010,,,,,,,,,,,
Leudelange,16,3900.8040000000001,2534,5327,2010,,,,,,,,,,,
Lintgen,11,3588.2950000000001,2787,4373,2010,,,,,,,,,,,
Lorentzweiler,9,3663.585,2438,5142,2010,,,,,,,,,,,
Luxembourg City,448,4375.442,2922,6000,2010,,,,,,,,,,,
Mamer,16,3717.252,2584,4530,2010,,,,,,,,,,,
Manternach,1,3663.585,2438,5142,2010,,,,,,,,,,,
Mersch,34,3393.1280000000002,2274,4253,2010,,,,,,,,,,,
Mertert,9,3663.585,2438,5142,2010,,,,,,,,,,,
Mertzig,2,3663.585,2438,5142,2010,,,,,,,,,,,
Mompach,0,3663.585,2438,5142,2010,,,,,,,,,,,
Mondercange,26,3393.1060000000002,2786,3949,2010,,,,,,,,,,,
Mondorf-les-Bains,26,3749.51,2899,4615,2010,,,,,,,,,,,
Niederanven,2,3663.585,2438,5142,2010,,,,,,,,,,,
Nommern,1,3663.585,2438,5142,2010,,,,,,,,,,,
Parc Hosingen,1,3663.585,2438,5142,2010,,,,,,,,,,,
Petange,101,3254.1109999999999,2344,4059,2010,,,,,,,,,,,
Preizerdaul,5,3663.585,2438,5142,2010,,,,,,,,,,,
Putscheid,0,3663.585,2438,5142,2010,,,,,,,,,,,
Rambrouch,8,3663.585,2438,5142,2010,,,,,,,,,,,
Reckange-sur-Mess,14,4050.1819999999998,2970,5165,2010,,,,,,,,,,,
Redange,13,3655.3969999999999,2797,5204,2010,,,,,,,,,,,
Reisdorf,1,3663.585,2438,5142,2010,,,,,,,,,,,
Remich,34,3422.9850000000001,2475,4398,2010,,,,,,,,,,,
Roeser,56,4105.1270000000004,3199,4885,2010,,,,,,,,,,,
Rosport,5,3663.585,2438,5142,2010,,,,,,,,,,,
Rumelange,25,2956.0410000000002,2075,3611,2010,,,,,,,,,,,
Saeul,5,3663.585,2438,5142,2010,,,,,,,,,,,
Sandweiler,11,4178.674,3125,4666,2010,,,,,,,,,,,
Sanem,62,3350.8629999999998,2211,4191,2010,,,,,,,,,,,
Schengen,24,3158.712,2046,3991,2010,,,,,,,,,,,
Schieren,4,3663.585,2438,5142,2010,,,,,,,,,,,
Schifflange,55,3390.239,2144,4415,2010,,,,,,,,,,,
Schuttrange,8,3663.585,2438,5142,2010,,,,,,,,,,,
Septfontaines,0,3663.585,2438,5142,2010,,,,,,,,,,,
Stadtbredimus,5,3663.585,2438,5142,2010,,,,,,,,,,,
Steinfort,17,3471.2060000000001,2875,4646,2010,,,,,,,,,,,
Steinsel,12,3793.6509999999998,3015,4644,2010,,,,,,,,,,,
Strassen,54,4498.9620000000004,3009,5877,2010,,,,,,,,,,,
Tandel,4,3663.585,2438,5142,2010,,,,,,,,,,,
Troisvierges,1,3663.585,2438,5142,2010,,,,,,,,,,,
Tuntange,5,3663.585,2438,5142,2010,,,,,,,,,,,
Useldange,1,3663.585,2438,5142,2010,,,,,,,,,,,
Vallée de l'Ernz,8,3663.585,2438,5142,2010,,,,,,,,,,,
Vianden,3,3663.585,2438,5142,2010,,,,,,,,,,,
Vichten,4,3663.585,2438,5142,2010,,,,,,,,,,,
Wahl,0,3663.585,2438,5142,2010,,,,,,,,,,,
Waldbillig,1,3663.585,2438,5142,2010,,,,,,,,,,,
Waldbredimus,2,3663.585,2438,5142,2010,,,,,,,,,,,
Walferdange,37,4066.93,2936,5053,2010,,,,,,,,,,,
Weiler-la-Tour,12,4556.4589999999998,3775,5494,2010,,,,,,,,,,,
Weiswampach,3,3663.585,2438,5142,2010,,,,,,,,,,,
Wiltz,16,2894.6129999999998,2272,4249,2010,,,,,,,,,,,
Wincrange,4,3663.585,2438,5142,2010,,,,,,,,,,,
Winseler,7,3663.585,2438,5142,2010,,,,,,,,,,,
Wormeldange,11,3049.652,1908,4062,2010,,,,,,,,,,,
National Average,,3663.585,2438,5142,2010,,,,,,,,,,,
Beaufort,4,3858.319,2533,5487,2011,,,,,,,,,,,
Bech,2,3858.319,2533,5487,2011,,,,,,,,,,,
Beckerich,4,3858.319,2533,5487,2011,,,,,,,,,,,
Berdorf,6,3858.319,2533,5487,2011,,,,,,,,,,,
Bertrange,33,4610.7669999999998,3540,5587,2011,,,,,,,,,,,
Bettembourg,33,3672.3090000000002,2746,4389,2011,,,,,,,,,,,
Bettendorf,8,3858.319,2533,5487,2011,,,,,,,,,,,
Betzdorf,18,4179.5029999999997,2964,5253,2011,,,,,,,,,,,
Bissen,14,3517.5619999999999,2516,4065,2011,,,,,,,,,,,
Biwer,1,3858.319,2533,5487,2011,,,,,,,,,,,
Boevange-sur-Attert,5,3858.319,2533,5487,2011,,,,,,,,,,,
Boulaide,5,3858.319,2533,5487,2011,,,,,,,,,,,
Bourscheid,0,3858.319,2533,5487,2011,,,,,,,,,,,
Bous,10,3958.893,2759,4753,2011,,,,,,,,,,,
Clervaux,18,2951.1210000000001,1882,4503,2011,,,,,,,,,,,
Colmar-Berg,23,3372.7959999999998,2579,3938,2011,,,,,,,,,,,
Consdorf,1,3858.319,2533,5487,2011,,,,,,,,,,,
Contern,14,4201.9059999999999,2928,6358,2011,,,,,,,,,,,
Dalheim,6,3858.319,2533,5487,2011,,,,,,,,,,,
Diekirch,23,3556.4369999999999,2159,4620,2011,,,,,,,,,,,
Differdange,164,3397.404,2317,4315,2011,,,,,,,,,,,
Dippach,15,3755.5549999999998,3028,4698,2011,,,,,,,,,,,
Dudelange,120,3499.34,2585,4463,2011,,,,,,,,,,,
Echternach,24,3350.2910000000002,2556,3887,2011,,,,,,,,,,,
Ell,7,3858.319,2533,5487,2011,,,,,,,,,,,
Erpeldange,3,3858.319,2533,5487,2011,,,,,,,,,,,
Esch-sur-Alzette,210,3493.5309999999999,2293,4624,2011,,,,,,,,,,,
Esch-sur-Sûre,3,3858.319,2533,5487,2011,,,,,,,,,,,
Eschweiler,1,3858.319,2533,5487,2011,,,,,,,,,,,
Ettelbruck,35,3561.33,2292,4646,2011,,,,,,,,,,,
Feulen,3,3858.319,2533,5487,2011,,,,,,,,,,,
Fischbach,8,3858.319,2533,5487,2011,,,,,,,,,,,
Flaxweiler,0,3858.319,2533,5487,2011,,,,,,,,,,,
Frisange,20,3543.395,1942,4798,2011,,,,,,,,,,,
Garnich,0,3858.319,2533,5487,2011,,,,,,,,,,,
Goesdorf,3,3858.319,2533,5487,2011,,,,,,,,,,,
Grevenmacher,31,3579.866,2121,4622,2011,,,,,,,,,,,
Grosbous,2,3858.319,2533,5487,2011,,,,,,,,,,,
Heffingen,2,3858.319,2533,5487,2011,,,,,,,,,,,
Hesperange,92,4423.53,3053,5545,2011,,,,,,,,,,,
Hobscheid,25,3496.8580000000002,2870,4344,2011,,,,,,,,,,,
Junglinster,20,3876.1260000000002,3141,4861,2011,,,,,,,,,,,
Kaerjeng,60,3655.145,2932,4670,2011,,,,,,,,,,,
Kayl,48,3521.893,2586,4386,2011,,,,,,,,,,,
Kehlen,11,3745.5680000000002,2201,4505,2011,,,,,,,,,,,
Kiischpelt,2,3858.319,2533,5487,2011,,,,,,,,,,,
Koerich,2,3858.319,2533,5487,2011,,,,,,,,,,,
Kopstal,5,3858.319,2533,5487,2011,,,,,,,,,,,
Lac de la Haute-Sûre,2,3858.319,2533,5487,2011,,,,,,,,,,,
Larochette,15,3106.7950000000001,2226,3945,2011,,,,,,,,,,,
Lenningen,4,3858.319,2533,5487,2011,,,,,,,,,,,
Leudelange,18,4475.2479999999996,3361,5648,2011,,,,,,,,,,,
Lintgen,18,3674.7150000000001,2714,4862,2011,,,,,,,,,,,
Lorentzweiler,16,4037.1579999999999,2744,5018,2011,,,,,,,,,,,
Luxembourg City,506,4721.3459999999995,3209,6376,2011,,,,,,,,,,,
Mamer,23,4116.7830000000004,2830,4849,2011,,,,,,,,,,,
Manternach,1,3858.319,2533,5487,2011,,,,,,,,,,,
Mersch,39,3786.0410000000002,2548,5133,2011,,,,,,,,,,,
Mertert,30,3429.0630000000001,2366,4224,2011,,,,,,,,,,,
Mertzig,4,3858.319,2533,5487,2011,,,,,,,,,,,
Mompach,0,3858.319,2533,5487,2011,,,,,,,,,,,
Mondercange,30,3750.9169999999999,3034,5091,2011,,,,,,,,,,,
Mondorf-les-Bains,50,3824.9589999999998,2863,4791,2011,,,,,,,,,,,
Niederanven,2,3858.319,2533,5487,2011,,,,,,,,,,,
Nommern,1,3858.319,2533,5487,2011,,,,,,,,,,,
Parc Hosingen,9,3858.319,2533,5487,2011,,,,,,,,,,,
Petange,107,3486.1329999999998,2386,4844,2011,,,,,,,,,,,
Preizerdaul,2,3858.319,2533,5487,2011,,,,,,,,,,,
Putscheid,1,3858.319,2533,5487,2011,,,,,,,,,,,
Rambrouch,4,3858.319,2533,5487,2011,,,,,,,,,,,
Reckange-sur-Mess,9,3858.319,2533,5487,2011,,,,,,,,,,,
Redange,9,3858.319,2533,5487,2011,,,,,,,,,,,
Reisdorf,2,3858.319,2533,5487,2011,,,,,,,,,,,
Remich,42,3585.9589999999998,2442,4474,2011,,,,,,,,,,,
Roeser,55,4290.2860000000001,3484,5154,2011,,,,,,,,,,,
Rosport,4,3858.319,2533,5487,2011,,,,,,,,,,,
Rumelange,27,3224.2220000000002,2179,4190,2011,,,,,,,,,,,
Saeul,8,3858.319,2533,5487,2011,,,,,,,,,,,
Sandweiler,10,4613.9129999999996,3467,5791,2011,,,,,,,,,,,
Sanem,66,3457.6550000000002,2618,4116,2011,,,,,,,,,,,
Schengen,25,3359.1529999999998,2364,4084,2011,,,,,,,,,,,
Schieren,5,3858.319,2533,5487,2011,,,,,,,,,,,
Schifflange,48,3670.49,2420,4802,2011,,,,,,,,,,,
Schuttrange,12,3997.6509999999998,3208,5467,2011,,,,,,,,,,,
Septfontaines,0,3858.319,2533,5487,2011,,,,,,,,,,,
Stadtbredimus,8,3858.319,2533,5487,2011,,,,,,,,,,,
Steinfort,10,3724.306,2627,4333,2011,,,,,,,,,,,
Steinsel,5,3858.319,2533,5487,2011,,,,,,,,,,,
Strassen,49,4525.2110000000002,3362,5682,2011,,,,,,,,,,,
Tandel,4,3858.319,2533,5487,2011,,,,,,,,,,,
Troisvierges,3,3858.319,2533,5487,2011,,,,,,,,,,,
Tuntange,2,3858.319,2533,5487,2011,,,,,,,,,,,
Useldange,5,3858.319,2533,5487,2011,,,,,,,,,,,
Vallée de l'Ernz,10,2957.2840000000001,2127,3773,2011,,,,,,,,,,,
Vianden,3,3858.319,2533,5487,2011,,,,,,,,,,,
Vichten,5,3858.319,2533,5487,2011,,,,,,,,,,,
Wahl,3,3858.319,2533,5487,2011,,,,,,,,,,,
Waldbillig,1,3858.319,2533,5487,2011,,,,,,,,,,,
Waldbredimus,3,3858.319,2533,5487,2011,,,,,,,,,,,
Walferdange,44,4292.4679999999998,3148,5435,2011,,,,,,,,,,,
Weiler-la-Tour,7,3858.319,2533,5487,2011,,,,,,,,,,,
Weiswampach,7,3858.319,2533,5487,2011,,,,,,,,,,,
Wiltz,18,2982.9090000000001,2097,4691,2011,,,,,,,,,,,
Wincrange,4,3858.319,2533,5487,2011,,,,,,,,,,,
Winseler,8,3858.319,2533,5487,2011,,,,,,,,,,,
Wormeldange,15,3108.0509999999999,1963,4442,2011,,,,,,,,,,,
National Average,,3858.319,2533,5487,2011,,,,,,,,,,,
Beaufort,8,3998.736,2543,5933,2012,,,,,,,,,,,
Bech,1,3998.736,2543,5933,2012,,,,,,,,,,,
Beckerich,5,3998.736,2543,5933,2012,,,,,,,,,,,
Berdorf,4,3998.736,2543,5933,2012,,,,,,,,,,,
Bertrange,41,4698.0060000000003,3502,6088,2012,,,,,,,,,,,
Bettembourg,32,3666.91,2754,4564,2012,,,,,,,,,,,
Bettendorf,5,3998.736,2543,5933,2012,,,,,,,,,,,
Betzdorf,12,4020.1,2474,4971,2012,,,,,,,,,,,
Bissen,7,3998.736,2543,5933,2012,,,,,,,,,,,
Biwer,2,3998.736,2543,5933,2012,,,,,,,,,,,
Boevange-sur-Attert,0,3998.736,2543,5933,2012,,,,,,,,,,,
Boulaide,2,3998.736,2543,5933,2012,,,,,,,,,,,
Bourscheid,1,3998.736,2543,5933,2012,,,,,,,,,,,
Bous,3,3998.736,2543,5933,2012,,,,,,,,,,,
Clervaux,24,3007.0430000000001,2003,3499,2012,,,,,,,,,,,
Colmar-Berg,21,3459.1880000000001,2534,4061,2012,,,,,,,,,,,
Consdorf,1,3998.736,2543,5933,2012,,,,,,,,,,,
Contern,7,3998.736,2543,5933,2012,,,,,,,,,,,
Dalheim,5,3998.736,2543,5933,2012,,,,,,,,,,,
Diekirch,31,3652.5410000000002,2282,4487,2012,,,,,,,,,,,
Differdange,167,3495.4630000000002,2337,4579,2012,,,,,,,,,,,
Dippach,17,3793.6289999999999,1748,5135,2012,,,,,,,,,,,
Dudelange,109,3726.6439999999998,2423,4809,2012,,,,,,,,,,,
Echternach,25,3668.1460000000002,2931,4790,2012,,,,,,,,,,,
Ell,5,3998.736,2543,5933,2012,,,,,,,,,,,
Erpeldange,7,3998.736,2543,5933,2012,,,,,,,,,,,
Esch-sur-Alzette,181,3426.6109999999999,2183,4340,2012,,,,,,,,,,,
Esch-sur-Sûre,5,3998.736,2543,5933,2012,,,,,,,,,,,
Eschweiler,6,3998.736,2543,5933,2012,,,,,,,,,,,
Ettelbruck,54,3608.3679999999999,2560,4499,2012,,,,,,,,,,,
Feulen,1,3998.736,2543,5933,2012,,,,,,,,,,,
Fischbach,8,3998.736,2543,5933,2012,,,,,,,,,,,
Flaxweiler,1,3998.736,2543,5933,2012,,,,,,,,,,,
Frisange,15,3740.67,1903,4819,2012,,,,,,,,,,,
Garnich,0,3998.736,2543,5933,2012,,,,,,,,,,,
Goesdorf,9,3998.736,2543,5933,2012,,,,,,,,,,,
Grevenmacher,44,3656.8649999999998,2767,4922,2012,,,,,,,,,,,
Grosbous,4,3998.736,2543,5933,2012,,,,,,,,,,,
Heffingen,3,3998.736,2543,5933,2012,,,,,,,,,,,
Hesperange,87,4585.1629999999996,3387,5896,2012,,,,,,,,,,,
Hobscheid,19,3567.2559999999999,2771,4224,2012,,,,,,,,,,,
Junglinster,16,4440.7370000000001,3439,5325,2012,,,,,,,,,,,
Kaerjeng,51,3722.413,2816,4769,2012,,,,,,,,,,,
Kayl,52,3742.3939999999998,2875,4569,2012,,,,,,,,,,,
Kehlen,18,4328.2160000000003,3252,5532,2012,,,,,,,,,,,
Kiischpelt,1,3998.736,2543,5933,2012,,,,,,,,,,,
Koerich,4,3998.736,2543,5933,2012,,,,,,,,,,,
Kopstal,6,3998.736,2543,5933,2012,,,,,,,,,,,
Lac de la Haute-Sûre,3,3998.736,2543,5933,2012,,,,,,,,,,,
Larochette,11,3167.2919999999999,2055,3916,2012,,,,,,,,,,,
Lenningen,5,3998.736,2543,5933,2012,,,,,,,,,,,
Leudelange,13,4614.3760000000002,3715,5591,2012,,,,,,,,,,,
Lintgen,23,3884.23,2767,4920,2012,,,,,,,,,,,
Lorentzweiler,6,3998.736,2543,5933,2012,,,,,,,,,,,
Luxembourg City,458,5071.2030000000004,3520,6845,2012,,,,,,,,,,,
Mamer,31,4331.8280000000004,3074,5279,2012,,,,,,,,,,,
Manternach,1,3998.736,2543,5933,2012,,,,,,,,,,,
Mersch,41,3908.377,2970,4670,2012,,,,,,,,,,,
Mertert,14,3468.2959999999998,1804,4368,2012,,,,,,,,,,,
Mertzig,2,3998.736,2543,5933,2012,,,,,,,,,,,
Mompach,1,3998.736,2543,5933,2012,,,,,,,,,,,
Mondercange,29,3840.8470000000002,2863,4995,2012,,,,,,,,,,,
Mondorf-les-Bains,38,4122.83,3201,5078,2012,,,,,,,,,,,
Niederanven,2,3998.736,2543,5933,2012,,,,,,,,,,,
Nommern,0,3998.736,2543,5933,2012,,,,,,,,,,,
Parc Hosingen,10,3044.01,2454,3462,2012,,,,,,,,,,,
Petange,110,3490.944,2564,4396,2012,,,,,,,,,,,
Preizerdaul,1,3998.736,2543,5933,2012,,,,,,,,,,,
Putscheid,1,3998.736,2543,5933,2012,,,,,,,,,,,
Rambrouch,6,3998.736,2543,5933,2012,,,,,,,,,,,
Reckange-sur-Mess,5,3998.736,2543,5933,2012,,,,,,,,,,,
Redange,9,3998.736,2543,5933,2012,,,,,,,,,,,
Reisdorf,2,3998.736,2543,5933,2012,,,,,,,,,,,
Remich,28,3548.2080000000001,2460,4846,2012,,,,,,,,,,,
Roeser,35,4378.42,3497,5742,2012,,,,,,,,,,,
Rosport,3,3998.736,2543,5933,2012,,,,,,,,,,,
Rumelange,30,3432.808,2525,4260,2012,,,,,,,,,,,
Saeul,4,3998.736,2543,5933,2012,,,,,,,,,,,
Sandweiler,10,4362.7719999999999,3714,5274,2012,,,,,,,,,,,
Sanem,71,3670.7829999999999,2532,4705,2012,,,,,,,,,,,
Schengen,16,3619.799,2446,4787,2012,,,,,,,,,,,
Schieren,7,3998.736,2543,5933,2012,,,,,,,,,,,
Schifflange,40,3408.8580000000002,2254,4366,2012,,,,,,,,,,,
Schuttrange,7,3998.736,2543,5933,2012,,,,,,,,,,,
Septfontaines,0,3998.736,2543,5933,2012,,,,,,,,,,,
Stadtbredimus,5,3998.736,2543,5933,2012,,,,,,,,,,,
Steinfort,10,3549.6439999999998,2115,4511,2012,,,,,,,,,,,
Steinsel,16,4270.3860000000004,2612,5845,2012,,,,,,,,,,,
Strassen,54,5059.8779999999997,3544,6219,2012,,,,,,,,,,,
Tandel,7,3998.736,2543,5933,2012,,,,,,,,,,,
Troisvierges,5,3998.736,2543,5933,2012,,,,,,,,,,,
Tuntange,6,3998.736,2543,5933,2012,,,,,,,,,,,
Useldange,2,3998.736,2543,5933,2012,,,,,,,,,,,
Vallée de l'Ernz,1,3998.736,2543,5933,2012,,,,,,,,,,,
Vianden,0,3998.736,2543,5933,2012,,,,,,,,,,,
Vichten,2,3998.736,2543,5933,2012,,,,,,,,,,,
Wahl,0,3998.736,2543,5933,2012,,,,,,,,,,,
Waldbillig,4,3998.736,2543,5933,2012,,,,,,,,,,,
Waldbredimus,1,3998.736,2543,5933,2012,,,,,,,,,,,
Walferdange,32,4571.5069999999996,3568,5666,2012,,,,,,,,,,,
Weiler-la-Tour,6,3998.736,2543,5933,2012,,,,,,,,,,,
Weiswampach,5,3998.736,2543,5933,2012,,,,,,,,,,,
Wiltz,24,2868.0010000000002,2386,3432,2012,,,,,,,,,,,
Wincrange,6,3998.736,2543,5933,2012,,,,,,,,,,,
Winseler,8,3998.736,2543,5933,2012,,,,,,,,,,,
Wormeldange,6,3998.736,2543,5933,2012,,,,,,,,,,,
National Average,,3998.7359999999999,2543,5933,2012,,,,,,,,,,,
Beaufort,1,4160,2624,6176,2013,,,,,,,,,,,
Bech,1,4160,2624,6176,2013,,,,,,,,,,,
Beckerich,8,4160,2624,6176,2013,,,,,,,,,,,
Berdorf,3,4160,2624,6176,2013,,,,,,,,,,,
Bertrange,31,5367.2129999999997,3603,6705,2013,,,,,,,,,,,
Bettembourg,52,3804.1529999999998,2589,4959,2013,,,,,,,,,,,
Bettendorf,10,3555.2939999999999,2256,5275,2013,,,,,,,,,,,
Betzdorf,8,4160,2624,6176,2013,,,,,,,,,,,
Bissen,13,3155.8270000000002,1880,3794,2013,,,,,,,,,,,
Biwer,4,4160,2624,6176,2013,,,,,,,,,,,
Boevange-sur-Attert,2,4160,2624,6176,2013,,,,,,,,,,,
Boulaide,3,4160,2624,6176,2013,,,,,,,,,,,
Bourscheid,1,4160,2624,6176,2013,,,,,,,,,,,
Bous,2,4160,2624,6176,2013,,,,,,,,,,,
Clervaux,18,2927.163,1679,3532,2013,,,,,,,,,,,
Colmar-Berg,23,3441.5419999999999,2930,3962,2013,,,,,,,,,,,
Consdorf,1,4160,2624,6176,2013,,,,,,,,,,,
Contern,6,4160,2624,6176,2013,,,,,,,,,,,
Dalheim,2,4160,2624,6176,2013,,,,,,,,,,,
Diekirch,29,3770.578,2164,4967,2013,,,,,,,,,,,
Differdange,175,3604.3290000000002,2290,4696,2013,,,,,,,,,,,
Dippach,12,4009.6439999999998,2349,5357,2013,,,,,,,,,,,
Dudelange,122,3766.2739999999999,2550,4612,2013,,,,,,,,,,,
Echternach,24,3560.576,2264,4214,2013,,,,,,,,,,,
Ell,5,4160,2624,6176,2013,,,,,,,,,,,
Erpeldange,13,3832.5459999999998,2777,4899,2013,,,,,,,,,,,
Esch-sur-Alzette,193,3798.34,2600,5116,2013,,,,,,,,,,,
Esch-sur-Sûre,2,4160,2624,6176,2013,,,,,,,,,,,
Eschweiler,1,4160,2624,6176,2013,,,,,,,,,,,
Ettelbruck,49,3495.7779999999998,1811,4893,2013,,,,,,,,,,,
Feulen,1,4160,2624,6176,2013,,,,,,,,,,,
Fischbach,7,4160,2624,6176,2013,,,,,,,,,,,
Flaxweiler,1,4160,2624,6176,2013,,,,,,,,,,,
Frisange,28,4374.4530000000004,3466,5397,2013,,,,,,,,,,,
Garnich,1,4160,2624,6176,2013,,,,,,,,,,,
Goesdorf,7,4160,2624,6176,2013,,,,,,,,,,,
Grevenmacher,24,3845.828,2686,4972,2013,,,,,,,,,,,
Grosbous,6,4160,2624,6176,2013,,,,,,,,,,,
Heffingen,0,4160,2624,6176,2013,,,,,,,,,,,
Hesperange,96,4758.7690000000002,3386,5932,2013,,,,,,,,,,,
Hobscheid,12,3786.6320000000001,2606,4522,2013,,,,,,,,,,,
Junglinster,18,4441.9369999999999,3573,5543,2013,,,,,,,,,,,
Kaerjeng,37,3583.8249999999998,2397,4708,2013,,,,,,,,,,,
Kayl,52,3867.9340000000002,2431,4976,2013,,,,,,,,,,,
Kehlen,16,4281.0919999999996,2053,5689,2013,,,,,,,,,,,
Kiischpelt,1,4160,2624,6176,2013,,,,,,,,,,,
Koerich,6,4160,2624,6176,2013,,,,,,,,,,,
Kopstal,7,4160,2624,6176,2013,,,,,,,,,,,
Lac de la Haute-Sûre,1,4160,2624,6176,2013,,,,,,,,,,,
Larochette,11,3588.3719999999998,2707,4302,2013,,,,,,,,,,,
Lenningen,4,4160,2624,6176,2013,,,,,,,,,,,
Leudelange,14,4676.2110000000002,3796,5641,2013,,,,,,,,,,,
Lintgen,12,3891.442,3057,5293,2013,,,,,,,,,,,
Lorentzweiler,8,4160,2624,6176,2013,,,,,,,,,,,
Luxembourg City,433,5339.8729999999996,3644,7358,2013,,,,,,,,,,,
Mamer,24,4640.9849999999997,3891,5410,2013,,,,,,,,,,,
Manternach,0,4160,2624,6176,2013,,,,,,,,,,,
Mersch,51,3992.0720000000001,2642,5050,2013,,,,,,,,,,,
Mertert,17,3487.7939999999999,2322,4748,2013,,,,,,,,,,,
Mertzig,1,4160,2624,6176,2013,,,,,,,,,,,
Mompach,0,4160,2624,6176,2013,,,,,,,,,,,
Mondercange,22,3951.2489999999998,3118,5051,2013,,,,,,,,,,,
Mondorf-les-Bains,37,3977.683,2638,5319,2013,,,,,,,,,,,
Niederanven,3,4160,2624,6176,2013,,,,,,,,,,,
Nommern,0,4160,2624,6176,2013,,,,,,,,,,,
Parc Hosingen,8,4160,2624,6176,2013,,,,,,,,,,,
Petange,92,3536.9479999999999,2556,4517,2013,,,,,,,,,,,
Preizerdaul,3,4160,2624,6176,2013,,,,,,,,,,,
Putscheid,0,4160,2624,6176,2013,,,,,,,,,,,
Rambrouch,3,4160,2624,6176,2013,,,,,,,,,,,
Reckange-sur-Mess,5,4160,2624,6176,2013,,,,,,,,,,,
Redange,3,4160,2624,6176,2013,,,,,,,,,,,
Reisdorf,2,4160,2624,6176,2013,,,,,,,,,,,
Remich,35,3690.3,2193,4800,2013,,,,,,,,,,,
Roeser,52,4382.902,3306,5539,2013,,,,,,,,,,,
Rosport,2,4160,2624,6176,2013,,,,,,,,,,,
Rumelange,25,3475.3850000000002,2464,4791,2013,,,,,,,,,,,
Saeul,3,4160,2624,6176,2013,,,,,,,,,,,
Sandweiler,16,4837.2290000000003,3093,6168,2013,,,,,,,,,,,
Sanem,63,3695.9690000000001,2830,4457,2013,,,,,,,,,,,
Schengen,22,3640.58,2867,4687,2013,,,,,,,,,,,
Schieren,3,4160,2624,6176,2013,,,,,,,,,,,
Schifflange,37,3727.3670000000002,2201,5547,2013,,,,,,,,,,,
Schuttrange,12,4382.6790000000001,3739,5625,2013,,,,,,,,,,,
Septfontaines,0,4160,2624,6176,2013,,,,,,,,,,,
Stadtbredimus,8,4160,2624,6176,2013,,,,,,,,,,,
Steinfort,10,3956.172,3556,4433,2013,,,,,,,,,,,
Steinsel,14,4254.7470000000003,2585,6096,2013,,,,,,,,,,,
Strassen,51,5232.576,3886,6863,2013,,,,,,,,,,,
Tandel,9,4160,2624,6176,2013,,,,,,,,,,,
Troisvierges,5,4160,2624,6176,2013,,,,,,,,,,,
Tuntange,7,4160,2624,6176,2013,,,,,,,,,,,
Useldange,6,4160,2624,6176,2013,,,,,,,,,,,
Vallée de l'Ernz,6,4160,2624,6176,2013,,,,,,,,,,,
Vianden,5,4160,2624,6176,2013,,,,,,,,,,,
Vichten,8,4160,2624,6176,2013,,,,,,,,,,,
Wahl,2,4160,2624,6176,2013,,,,,,,,,,,
Waldbillig,2,4160,2624,6176,2013,,,,,,,,,,,
Waldbredimus,2,4160,2624,6176,2013,,,,,,,,,,,
Walferdange,36,4621.71,2964,5744,2013,,,,,,,,,,,
Weiler-la-Tour,5,4160,2624,6176,2013,,,,,,,,,,,
Weiswampach,6,4160,2624,6176,2013,,,,,,,,,,,
Wiltz,16,2821.5889999999999,1912,4685,2013,,,,,,,,,,,
Wincrange,5,4160,2624,6176,2013,,,,,,,,,,,
Winseler,5,4160,2624,6176,2013,,,,,,,,,,,
Wormeldange,6,4160,2624,6176,2013,,,,,,,,,,,
National Average,,4160,2624,6176,2013,,,,,,,,,,,
Beaufort,5,4323.188,2754,6487,2014,,,,,,,,,,,
Bech,2,4323.188,2754,6487,2014,,,,,,,,,,,
Beckerich,4,4323.188,2754,6487,2014,,,,,,,,,,,
Berdorf,7,4323.188,2754,6487,2014,,,,,,,,,,,
Bertrange,51,5974.7420000000002,4045,7711,2014,,,,,,,,,,,
Bettembourg,40,3925.2089999999998,3064,4540,2014,,,,,,,,,,,
Bettendorf,6,4323.188,2754,6487,2014,,,,,,,,,,,
Betzdorf,11,4058.9059999999999,2261,5174,2014,,,,,,,,,,,
Bissen,8,4323.188,2754,6487,2014,,,,,,,,,,,
Biwer,0,4323.188,2754,6487,2014,,,,,,,,,,,
Boevange-sur-Attert,1,4323.188,2754,6487,2014,,,,,,,,,,,
Boulaide,4,4323.188,2754,6487,2014,,,,,,,,,,,
Bourscheid,0,4323.188,2754,6487,2014,,,,,,,,,,,
Bous,6,4323.188,2754,6487,2014,,,,,,,,,,,
Clervaux,22,3105.94,2065,3893,2014,,,,,,,,,,,
Colmar-Berg,23,3667.4360000000001,2905,4253,2014,,,,,,,,,,,
Consdorf,2,4323.188,2754,6487,2014,,,,,,,,,,,
Contern,16,4237.2569999999996,2814,7180,2014,,,,,,,,,,,
Dalheim,3,4323.188,2754,6487,2014,,,,,,,,,,,
Diekirch,32,3747.355,2640,5006,2014,,,,,,,,,,,
Differdange,208,3676.2,2562,4755,2014,,,,,,,,,,,
Dippach,13,4310.9260000000004,3281,5529,2014,,,,,,,,,,,
Dudelange,131,3837.0569999999998,2698,4827,2014,,,,,,,,,,,
Echternach,22,3924.5169999999998,3061,5018,2014,,,,,,,,,,,
Ell,5,4323.188,2754,6487,2014,,,,,,,,,,,
Erpeldange,8,4323.188,2754,6487,2014,,,,,,,,,,,
Esch-sur-Alzette,279,3894.4549999999999,2846,5136,2014,,,,,,,,,,,
Esch-sur-Sûre,6,4323.188,2754,6487,2014,,,,,,,,,,,
Eschweiler,2,4323.188,2754,6487,2014,,,,,,,,,,,
Ettelbruck,54,4065.0329999999999,2756,5404,2014,,,,,,,,,,,
Feulen,7,4323.188,2754,6487,2014,,,,,,,,,,,
Fischbach,3,4323.188,2754,6487,2014,,,,,,,,,,,
Flaxweiler,0,4323.188,2754,6487,2014,,,,,,,,,,,
Frisange,29,4120.192,3195,5048,2014,,,,,,,,,,,
Garnich,2,4323.188,2754,6487,2014,,,,,,,,,,,
Goesdorf,12,3364.6930000000002,2495,4034,2014,,,,,,,,,,,
Grevenmacher,36,4132.43,3106,4872,2014,,,,,,,,,,,
Grosbous,4,4323.188,2754,6487,2014,,,,,,,,,,,
Heffingen,2,4323.188,2754,6487,2014,,,,,,,,,,,
Hesperange,103,4948.8869999999997,3692,6149,2014,,,,,,,,,,,
Hobscheid,15,3722.201,2821,4379,2014,,,,,,,,,,,
Junglinster,18,4473.54,3037,6032,2014,,,,,,,,,,,
Kaerjeng,46,3844.951,2946,4716,2014,,,,,,,,,,,
Kayl,51,3897.7489999999998,2860,4780,2014,,,,,,,,,,,
Kehlen,13,4532.9639999999999,3054,5706,2014,,,,,,,,,,,
Kiischpelt,2,4323.188,2754,6487,2014,,,,,,,,,,,
Koerich,5,4323.188,2754,6487,2014,,,,,,,,,,,
Kopstal,11,5070.5439999999999,3348,7473,2014,,,,,,,,,,,
Lac de la Haute-Sûre,3,4323.188,2754,6487,2014,,,,,,,,,,,
Larochette,12,3735.9319999999998,2890,4234,2014,,,,,,,,,,,
Lenningen,3,4323.188,2754,6487,2014,,,,,,,,,,,
Leudelange,16,4993.8010000000004,3863,6342,2014,,,,,,,,,,,
Lintgen,16,4165.7889999999998,3006,5248,2014,,,,,,,,,,,
Lorentzweiler,13,4713.4369999999999,3231,5879,2014,,,,,,,,,,,
Luxembourg City,536,5616.201,3946,7564,2014,,,,,,,,,,,
Mamer,39,4699.1090000000004,2996,5693,2014,,,,,,,,,,,
Manternach,0,4323.188,2754,6487,2014,,,,,,,,,,,
Mersch,61,4115.7079999999996,3176,5283,2014,,,,,,,,,,,
Mertert,24,3661.58,2701,4661,2014,,,,,,,,,,,
Mertzig,4,4323.188,2754,6487,2014,,,,,,,,,,,
Mompach,0,4323.188,2754,6487,2014,,,,,,,,,,,
Mondercange,29,4268.125,3100,5011,2014,,,,,,,,,,,
Mondorf-les-Bains,53,4240.2309999999998,3106,5310,2014,,,,,,,,,,,
Niederanven,1,4323.188,2754,6487,2014,,,,,,,,,,,
Nommern,3,4323.188,2754,6487,2014,,,,,,,,,,,
Parc Hosingen,8,4323.188,2754,6487,2014,,,,,,,,,,,
Petange,105,3590.0120000000002,2548,4656,2014,,,,,,,,,,,
Preizerdaul,4,4323.188,2754,6487,2014,,,,,,,,,,,
Putscheid,0,4323.188,2754,6487,2014,,,,,,,,,,,
Rambrouch,7,4323.188,2754,6487,2014,,,,,,,,,,,
Reckange-sur-Mess,9,4323.188,2754,6487,2014,,,,,,,,,,,
Redange,5,4323.188,2754,6487,2014,,,,,,,,,,,
Reisdorf,2,4323.188,2754,6487,2014,,,,,,,,,,,
Remich,40,3766.7040000000002,2274,4944,2014,,,,,,,,,,,
Roeser,55,4472.9679999999998,3260,5725,2014,,,,,,,,,,,
Rosport,2,4323.188,2754,6487,2014,,,,,,,,,,,
Rumelange,29,3558.1480000000001,2759,4617,2014,,,,,,,,,,,
Saeul,9,4323.188,2754,6487,2014,,,,,,,,,,,
Sandweiler,19,4862.558,3790,6453,2014,,,,,,,,,,,
Sanem,86,4053.875,2852,5277,2014,,,,,,,,,,,
Schengen,30,3261.4140000000002,1836,4392,2014,,,,,,,,,,,
Schieren,4,4323.188,2754,6487,2014,,,,,,,,,,,
Schifflange,56,3789.1379999999999,2828,5088,2014,,,,,,,,,,,
Schuttrange,18,4734.6760000000004,3787,5472,2014,,,,,,,,,,,
Septfontaines,0,4323.188,2754,6487,2014,,,,,,,,,,,
Stadtbredimus,16,3578.761,2025,4909,2014,,,,,,,,,,,
Steinfort,20,3942.1060000000002,2619,4997,2014,,,,,,,,,,,
Steinsel,14,4564.085,3640,5927,2014,,,,,,,,,,,
Strassen,59,5576.9870000000001,3674,7174,2014,,,,,,,,,,,
Tandel,2,4323.188,2754,6487,2014,,,,,,,,,,,
Troisvierges,6,4323.188,2754,6487,2014,,,,,,,,,,,
Tuntange,5,4323.188,2754,6487,2014,,,,,,,,,,,
Useldange,3,4323.188,2754,6487,2014,,,,,,,,,,,
Vallée de l'Ernz,11,3401.7060000000001,2456,4492,2014,,,,,,,,,,,
Vianden,4,4323.188,2754,6487,2014,,,,,,,,,,,
Vichten,2,4323.188,2754,6487,2014,,,,,,,,,,,
Wahl,0,4323.188,2754,6487,2014,,,,,,,,,,,
Waldbillig,4,4323.188,2754,6487,2014,,,,,,,,,,,
Waldbredimus,2,4323.188,2754,6487,2014,,,,,,,,,,,
Walferdange,44,4725.7910000000002,3323,5762,2014,,,,,,,,,,,
Weiler-la-Tour,7,4323.188,2754,6487,2014,,,,,,,,,,,
Weiswampach,8,4323.188,2754,6487,2014,,,,,,,,,,,
Wiltz,28,3031.2559999999999,2197,4707,2014,,,,,,,,,,,
Wincrange,5,4323.188,2754,6487,2014,,,,,,,,,,,
Winseler,20,3263.3850000000002,2795,4185,2014,,,,,,,,,,,
Wormeldange,5,4323.188,2754,6487,2014,,,,,,,,,,,
National Average,,4323.1880000000001,2754,6487,2014,,,,,,,,,,,
Beaufort,3,4470.578,2782,6803,2015,,,,,,,,,,,
Bech,1,4470.578,2782,6803,2015,,,,,,,,,,,
Beckerich,9,4470.578,2782,6803,2015,,,,,,,,,,,
Berdorf,8,4470.578,2782,6803,2015,,,,,,,,,,,
Bertrange,26,5773.1480000000001,4116,8090,2015,,,,,,,,,,,
Bettembourg,53,4075.3710000000001,3112,5189,2015,,,,,,,,,,,
Bettendorf,11,3443.9110000000001,2095,5678,2015,,,,,,,,,,,
Betzdorf,7,4470.578,2782,6803,2015,,,,,,,,,,,
Bissen,17,3789.9340000000002,3174,4717,2015,,,,,,,,,,,
Biwer,1,4470.578,2782,6803,2015,,,,,,,,,,,
Boevange-sur-Attert,2,4470.578,2782,6803,2015,,,,,,,,,,,
Boulaide,3,4470.578,2782,6803,2015,,,,,,,,,,,
Bourscheid,0,4470.578,2782,6803,2015,,,,,,,,,,,
Bous,11,4303.0060000000003,3104,5582,2015,,,,,,,,,,,
Clervaux,15,3200.625,2139,4416,2015,,,,,,,,,,,
Colmar-Berg,19,4128.7479999999996,2949,5365,2015,,,,,,,,,,,
Consdorf,3,4470.578,2782,6803,2015,,,,,,,,,,,
Contern,17,4584.9449999999997,2897,6503,2015,,,,,,,,,,,
Dalheim,7,4470.578,2782,6803,2015,,,,,,,,,,,
Diekirch,36,4166.4089999999997,3152,5666,2015,,,,,,,,,,,
Differdange,210,3858.0239999999999,2537,4985,2015,,,,,,,,,,,
Dippach,16,4558.71,2811,5795,2015,,,,,,,,,,,
Dudelange,130,3980.3249999999998,2792,5151,2015,,,,,,,,,,,
Echternach,18,3977.2220000000002,2833,5147,2015,,,,,,,,,,,
Ell,3,4470.578,2782,6803,2015,,,,,,,,,,,
Erpeldange,6,4470.578,2782,6803,2015,,,,,,,,,,,
Esch-sur-Alzette,264,3867.7310000000002,2754,5112,2015,,,,,,,,,,,
Esch-sur-Sûre,5,4470.578,2782,6803,2015,,,,,,,,,,,
Ettelbruck,66,3674.4340000000002,2634,5073,2015,,,,,,,,,,,
Feulen,0,4470.578,2782,6803,2015,,,,,,,,,,,
Fischbach,5,4470.578,2782,6803,2015,,,,,,,,,,,
Flaxweiler,1,4470.578,2782,6803,2015,,,,,,,,,,,
Frisange,31,4622.2780000000002,3284,5696,2015,,,,,,,,,,,
Garnich,0,4470.578,2782,6803,2015,,,,,,,,,,,
Goesdorf,2,4470.578,2782,6803,2015,,,,,,,,,,,
Grevenmacher,33,3948.47,2783,5281,2015,,,,,,,,,,,
Grosbous,3,4470.578,2782,6803,2015,,,,,,,,,,,
Heffingen,2,4470.578,2782,6803,2015,,,,,,,,,,,
Hesperange,100,5312.1289999999999,3530,6730,2015,,,,,,,,,,,
Hobscheid,15,4180.134,3069,5452,2015,,,,,,,,,,,
Junglinster,15,4909.4470000000001,3930,5981,2015,,,,,,,,,,,
Kaerjeng,51,4044.6439999999998,3219,5126,2015,,,,,,,,,,,
Kayl,65,3993.7510000000002,3063,4990,2015,,,,,,,,,,,
Kehlen,6,4470.578,2782,6803,2015,,,,,,,,,,,
Kiischpelt,2,4470.578,2782,6803,2015,,,,,,,,,,,
Koerich,4,4470.578,2782,6803,2015,,,,,,,,,,,
Kopstal,11,4718.0550000000003,3498,6072,2015,,,,,,,,,,,
Lac de la Haute-Sûre,2,4470.578,2782,6803,2015,,,,,,,,,,,
Larochette,11,3667.4650000000001,2947,4356,2015,,,,,,,,,,,
Lenningen,5,4470.578,2782,6803,2015,,,,,,,,,,,
Leudelange,29,5411.1930000000002,4133,6586,2015,,,,,,,,,,,
Lintgen,20,4531.518,2833,5742,2015,,,,,,,,,,,
Lorentzweiler,15,4898.0240000000003,3716,6154,2015,,,,,,,,,,,
Luxembourg City,479,6001.0370000000003,4111,8074,2015,,,,,,,,,,,
Mamer,33,4785.3919999999998,2907,6103,2015,,,,,,,,,,,
Manternach,0,4470.578,2782,6803,2015,,,,,,,,,,,
Mersch,52,4154.1000000000004,2591,5357,2015,,,,,,,,,,,
Mertert,26,4025.3389999999999,2462,5497,2015,,,,,,,,,,,
Mertzig,6,4470.578,2782,6803,2015,,,,,,,,,,,
Mompach,0,4470.578,2782,6803,2015,,,,,,,,,,,
Mondercange,37,4052.5659999999998,3276,5065,2015,,,,,,,,,,,
Mondorf-les-Bains,43,4605.5200000000004,3826,5744,2015,,,,,,,,,,,
Niederanven,5,4470.578,2782,6803,2015,,,,,,,,,,,
Nommern,3,4470.578,2782,6803,2015,,,,,,,,,,,
Parc Hosingen,10,3356.2420000000002,2883,3890,2015,,,,,,,,,,,
Petange,116,3801.3440000000001,2446,5014,2015,,,,,,,,,,,
Preizerdaul,5,4470.578,2782,6803,2015,,,,,,,,,,,
Putscheid,0,4470.578,2782,6803,2015,,,,,,,,,,,
Rambrouch,2,4470.578,2782,6803,2015,,,,,,,,,,,
Reckange-sur-Mess,10,4448.3900000000003,3978,5086,2015,,,,,,,,,,,
Redange,13,3493.7080000000001,2096,4239,2015,,,,,,,,,,,
Reisdorf,1,4470.578,2782,6803,2015,,,,,,,,,,,
Remich,31,4108.598,2446,5531,2015,,,,,,,,,,,
Roeser,51,4794.2889999999998,3902,5579,2015,,,,,,,,,,,
Rosport,6,4470.578,2782,6803,2015,,,,,,,,,,,
Rumelange,27,3762.5529999999999,2668,4574,2015,,,,,,,,,,,
Saeul,6,4470.578,2782,6803,2015,,,,,,,,,,,
Sandweiler,11,5122.1170000000002,4286,5985,2015,,,,,,,,,,,
Sanem,97,3815.7469999999998,2763,4871,2015,,,,,,,,,,,
Schengen,18,3947.5619999999999,2648,5277,2015,,,,,,,,,,,
Schieren,6,4470.578,2782,6803,2015,,,,,,,,,,,
Schifflange,56,3907.643,1999,5162,2015,,,,,,,,,,,
Schuttrange,15,4507.0389999999998,3210,6535,2015,,,,,,,,,,,
Septfontaines,0,4470.578,2782,6803,2015,,,,,,,,,,,
Stadtbredimus,8,4470.578,2782,6803,2015,,,,,,,,,,,
Steinfort,15,4087.643,3158,5765,2015,,,,,,,,,,,
Steinsel,19,4834.0690000000004,2453,6744,2015,,,,,,,,,,,
Strassen,57,5633.1080000000002,3606,7228,2015,,,,,,,,,,,
Tandel,5,4470.578,2782,6803,2015,,,,,,,,,,,
Troisvierges,8,4470.578,2782,6803,2015,,,,,,,,,,,
Tuntange,2,4470.578,2782,6803,2015,,,,,,,,,,,
Useldange,4,4470.578,2782,6803,2015,,,,,,,,,,,
Vallée de l'Ernz,10,3894.1329999999998,3550,4711,2015,,,,,,,,,,,
Vianden,8,4470.578,2782,6803,2015,,,,,,,,,,,
Vichten,4,4470.578,2782,6803,2015,,,,,,,,,,,
Wahl,0,4470.578,2782,6803,2015,,,,,,,,,,,
Waldbillig,1,4470.578,2782,6803,2015,,,,,,,,,,,
Waldbredimus,2,4470.578,2782,6803,2015,,,,,,,,,,,
Walferdange,47,4980.4040000000005,3671,6521,2015,,,,,,,,,,,
Weiler-la-Tour,11,4705.1769999999997,3969,5333,2015,,,,,,,,,,,
Weiswampach,5,4470.578,2782,6803,2015,,,,,,,,,,,
Wiltz,19,2892.0639999999999,1852,3734,2015,,,,,,,,,,,
Wincrange,3,4470.578,2782,6803,2015,,,,,,,,,,,
Winseler,6,4470.578,2782,6803,2015,,,,,,,,,,,
Wormeldange,8,4470.578,2782,6803,2015,,,,,,,,,,,
National Average,,4470.5780000000004,2782,6803,2015,,,,,,,,,,,
Beaufort,4,4795.104,2952,7641,2016,,,,,,,,,,,
Bech,3,4795.104,2952,7641,2016,,,,,,,,,,,
Beckerich,10,3369.6729999999998,2583,4342,2016,,,,,,,,,,,
Berdorf,2,4795.104,2952,7641,2016,,,,,,,,,,,
Bertrange,33,6310.2169999999996,4286,8646,2016,,,,,,,,,,,
Bettembourg,44,4622.2690000000002,3565,6151,2016,,,,,,,,,,,
Bettendorf,5,4795.104,2952,7641,2016,,,,,,,,,,,
Betzdorf,12,4357.6220000000003,2465,5431,2016,,,,,,,,,,,
Bissen,13,4174.3649999999998,3261,5973,2016,,,,,,,,,,,
Biwer,3,4795.104,2952,7641,2016,,,,,,,,,,,
Boevange-sur-Attert,3,4795.104,2952,7641,2016,,,,,,,,,,,
Boulaide,2,4795.104,2952,7641,2016,,,,,,,,,,,
Bourscheid,1,4795.104,2952,7641,2016,,,,,,,,,,,
Bous,8,4795.104,2952,7641,2016,,,,,,,,,,,
Clervaux,20,3615.9380000000001,2405,4881,2016,,,,,,,,,,,
Colmar-Berg,29,4131.442,3360,5072,2016,,,,,,,,,,,
Consdorf,6,4795.104,2952,7641,2016,,,,,,,,,,,
Contern,21,5083.8010000000004,3765,6200,2016,,,,,,,,,,,
Dalheim,3,4795.104,2952,7641,2016,,,,,,,,,,,
Diekirch,38,4015.6930000000002,2247,5874,2016,,,,,,,,,,,
Differdange,229,3999.4470000000001,2853,5408,2016,,,,,,,,,,,
Dippach,10,4393.5690000000004,2363,6360,2016,,,,,,,,,,,
Dudelange,149,4312.473,3114,5355,2016,,,,,,,,,,,
Echternach,24,4190.5839999999998,2451,5585,2016,,,,,,,,,,,
Ell,5,4795.104,2952,7641,2016,,,,,,,,,,,
Erpeldange,9,4795.104,2952,7641,2016,,,,,,,,,,,
Esch-sur-Alzette,294,4069.297,2735,5321,2016,,,,,,,,,,,
Esch-sur-Sûre,1,4795.104,2952,7641,2016,,,,,,,,,,,
Ettelbruck,55,3897.768,2733,5548,2016,,,,,,,,,,,
Feulen,3,4795.104,2952,7641,2016,,,,,,,,,,,
Fischbach,2,4795.104,2952,7641,2016,,,,,,,,,,,
Flaxweiler,2,4795.104,2952,7641,2016,,,,,,,,,,,
Frisange,39,4582.4049999999997,3057,6000,2016,,,,,,,,,,,
Garnich,3,4795.104,2952,7641,2016,,,,,,,,,,,
Goesdorf,8,4795.104,2952,7641,2016,,,,,,,,,,,
Grevenmacher,39,3980.68,2875,5214,2016,,,,,,,,,,,
Grosbous,3,4795.104,2952,7641,2016,,,,,,,,,,,
Heffingen,8,4795.104,2952,7641,2016,,,,,,,,,,,
Hesperange,122,5590.56,3860,7226,2016,,,,,,,,,,,
Hobscheid,18,4055.172,2733,5748,2016,,,,,,,,,,,
Junglinster,21,5079.7569999999996,4306,5746,2016,,,,,,,,,,,
Kaerjeng,60,4240.0959999999995,2807,5685,2016,,,,,,,,,,,
Kayl,72,4527.8959999999997,3152,5941,2016,,,,,,,,,,,
Kehlen,16,4713.4809999999998,3644,6320,2016,,,,,,,,,,,
Kiischpelt,1,4795.104,2952,7641,2016,,,,,,,,,,,
Koerich,0,4795.104,2952,7641,2016,,,,,,,,,,,
Kopstal,15,6052.6509999999998,3156,8062,2016,,,,,,,,,,,
Lac de la Haute-Sûre,3,4795.104,2952,7641,2016,,,,,,,,,,,
Larochette,9,4795.104,2952,7641,2016,,,,,,,,,,,
Lenningen,7,4795.104,2952,7641,2016,,,,,,,,,,,
Leudelange,14,5440.1729999999998,4194,6719,2016,,,,,,,,,,,
Lintgen,18,4726.9539999999997,3399,6275,2016,,,,,,,,,,,
Lorentzweiler,1,4795.104,2952,7641,2016,,,,,,,,,,,
Luxembourg City,560,6637.884,4389,9545,2016,,,,,,,,,,,
Mamer,39,5196.4840000000004,3068,6407,2016,,,,,,,,,,,
Manternach,2,4795.104,2952,7641,2016,,,,,,,,,,,
Mersch,47,4628.3379999999997,3219,5898,2016,,,,,,,,,,,
Mertert,28,4101.125,2743,5158,2016,,,,,,,,,,,
Mertzig,2,4795.104,2952,7641,2016,,,,,,,,,,,
Mompach,0,4795.104,2952,7641,2016,,,,,,,,,,,
Mondercange,32,4530.9799999999996,3636,5978,2016,,,,,,,,,,,
Mondorf-les-Bains,57,4476.2569999999996,3036,6163,2016,,,,,,,,,,,
Niederanven,3,4795.104,2952,7641,2016,,,,,,,,,,,
Nommern,3,4795.104,2952,7641,2016,,,,,,,,,,,
Parc Hosingen,4,4795.104,2952,7641,2016,,,,,,,,,,,
Petange,153,3829.76,2607,4897,2016,,,,,,,,,,,
Preizerdaul,1,4795.104,2952,7641,2016,,,,,,,,,,,
Putscheid,0,4795.104,2952,7641,2016,,,,,,,,,,,
Rambrouch,2,4795.104,2952,7641,2016,,,,,,,,,,,
Reckange-sur-Mess,14,4455.4269999999997,2593,5267,2016,,,,,,,,,,,
Redange,0,4795.104,2952,7641,2016,,,,,,,,,,,
Reisdorf,3,4795.104,2952,7641,2016,,,,,,,,,,,
Remich,30,4318.9359999999997,2703,5830,2016,,,,,,,,,,,
Roeser,60,4893.1509999999998,3539,6015,2016,,,,,,,,,,,
Rosport,2,4795.104,2952,7641,2016,,,,,,,,,,,
Rumelange,39,4013.3209999999999,2854,4971,2016,,,,,,,,,,,
Saeul,5,4795.104,2952,7641,2016,,,,,,,,,,,
Sandweiler,14,5571.5950000000003,3842,7223,2016,,,,,,,,,,,
Sanem,95,4119.665,2805,5348,2016,,,,,,,,,,,
Schengen,23,3983.527,2873,5217,2016,,,,,,,,,,,
Schieren,6,4795.104,2952,7641,2016,,,,,,,,,,,
Schifflange,77,4313.2240000000002,2751,5967,2016,,,,,,,,,,,
Schuttrange,11,4875.5709999999999,2435,6078,2016,,,,,,,,,,,
Septfontaines,0,4795.104,2952,7641,2016,,,,,,,,,,,
Stadtbredimus,11,4290.8990000000003,3456,5359,2016,,,,,,,,,,,
Steinfort,14,4342.7939999999999,2877,5994,2016,,,,,,,,,,,
Steinsel,15,5279.1409999999996,3381,7342,2016,,,,,,,,,,,
Strassen,56,6417.0540000000001,4462,7961,2016,,,,,,,,,,,
Tandel,6,4795.104,2952,7641,2016,,,,,,,,,,,
Troisvierges,3,4795.104,2952,7641,2016,,,,,,,,,,,
Tuntange,4,4795.104,2952,7641,2016,,,,,,,,,,,
Useldange,4,4795.104,2952,7641,2016,,,,,,,,,,,
Vallée de l'Ernz,11,3523.471,2128,4884,2016,,,,,,,,,,,
Vianden,5,4795.104,2952,7641,2016,,,,,,,,,,,
Vichten,2,4795.104,2952,7641,2016,,,,,,,,,,,
Wahl,1,4795.104,2952,7641,2016,,,,,,,,,,,
Waldbillig,3,4795.104,2952,7641,2016,,,,,,,,,,,
Waldbredimus,1,4795.104,2952,7641,2016,,,,,,,,,,,
Walferdange,44,5248.8310000000001,4123,6858,2016,,,,,,,,,,,
Weiler-la-Tour,6,4795.104,2952,7641,2016,,,,,,,,,,,
Weiswampach,8,4795.104,2952,7641,2016,,,,,,,,,,,
Wiltz,19,3144.3910000000001,1854,4477,2016,,,,,,,,,,,
Wincrange,3,4795.104,2952,7641,2016,,,,,,,,,,,
Winseler,9,4795.104,2952,7641,2016,,,,,,,,,,,
Wormeldange,12,3733.1889999999999,2602,5094,2016,,,,,,,,,,,
National Average,,4795.1040000000003,2952,7641,2016,,,,,,,,,,,
Beaufort,4,5102.931,3032,8096,2017,,,,,,,,,,,
Bech,0,5102.931,3032,8096,2017,,,,,,,,,,,
Beckerich,6,5102.931,3032,8096,2017,,,,,,,,,,,
Berdorf,8,5102.931,3032,8096,2017,,,,,,,,,,,
Bertrange,35,6500.8469999999998,4031,9600,2017,,,,,,,,,,,
Bettembourg,57,5047.4369999999999,3813,6587,2017,,,,,,,,,,,
Bettendorf,4,5102.931,3032,8096,2017,,,,,,,,,,,
Betzdorf,7,5102.931,3032,8096,2017,,,,,,,,,,,
Bissen,17,4338.5990000000002,2962,5675,2017,,,,,,,,,,,
Biwer,2,5102.931,3032,8096,2017,,,,,,,,,,,
Boevange-sur-Attert,6,5102.931,3032,8096,2017,,,,,,,,,,,
Boulaide,3,5102.931,3032,8096,2017,,,,,,,,,,,
Bourscheid,6,5102.931,3032,8096,2017,,,,,,,,,,,
Bous,9,5102.931,3032,8096,2017,,,,,,,,,,,
Clervaux,18,3567.86,2784,4610,2017,,,,,,,,,,,
Colmar-Berg,16,4526.1170000000002,3330,5641,2017,,,,,,,,,,,
Consdorf,5,5102.931,3032,8096,2017,,,,,,,,,,,
Contern,16,5659.4740000000002,4726,7561,2017,,,,,,,,,,,
Dalheim,7,5102.931,3032,8096,2017,,,,,,,,,,,
Diekirch,45,4614.0829999999996,3234,6086,2017,,,,,,,,,,,
Differdange,242,4265.9979999999996,2993,5512,2017,,,,,,,,,,,
Dippach,18,4897.9309999999996,3621,6513,2017,,,,,,,,,,,
Dudelange,151,4333.4930000000004,3018,5669,2017,,,,,,,,,,,
Echternach,40,4079.6819999999998,2463,4991,2017,,,,,,,,,,,
Ell,6,5102.931,3032,8096,2017,,,,,,,,,,,
Erpeldange,12,4207.625,2642,5420,2017,,,,,,,,,,,
Esch-sur-Alzette,321,4298.2950000000001,2710,5985,2017,,,,,,,,,,,
Esch-sur-Sûre,11,3324.5410000000002,2541,3933,2017,,,,,,,,,,,
Ettelbruck,69,4294.7430000000004,3226,5644,2017,,,,,,,,,,,
Feulen,8,5102.931,3032,8096,2017,,,,,,,,,,,
Fischbach,4,5102.931,3032,8096,2017,,,,,,,,,,,
Flaxweiler,1,5102.931,3032,8096,2017,,,,,,,,,,,
Frisange,43,5138.2449999999999,3630,6681,2017,,,,,,,,,,,
Garnich,0,5102.931,3032,8096,2017,,,,,,,,,,,
Goesdorf,5,5102.931,3032,8096,2017,,,,,,,,,,,
Grevenmacher,31,4508.6109999999999,3501,5815,2017,,,,,,,,,,,
Grosbous,6,5102.931,3032,8096,2017,,,,,,,,,,,
Heffingen,4,5102.931,3032,8096,2017,,,,,,,,,,,
Hesperange,135,5792.701,4123,7139,2017,,,,,,,,,,,
Hobscheid,19,4276.9440000000004,2195,4910,2017,,,,,,,,,,,
Junglinster,21,5269.8180000000002,3983,6527,2017,,,,,,,,,,,
Kaerjeng,60,4322.1239999999998,2858,5474,2017,,,,,,,,,,,
Kayl,90,4608.4120000000003,2740,5933,2017,,,,,,,,,,,
Kehlen,20,4414.18,2754,5673,2017,,,,,,,,,,,
Kiischpelt,1,5102.931,3032,8096,2017,,,,,,,,,,,
Koerich,0,5102.931,3032,8096,2017,,,,,,,,,,,
Kopstal,7,5102.931,3032,8096,2017,,,,,,,,,,,
Lac de la Haute-Sûre,2,5102.931,3032,8096,2017,,,,,,,,,,,
Larochette,15,3807.627,2362,4593,2017,,,,,,,,,,,
Lenningen,8,5102.931,3032,8096,2017,,,,,,,,,,,
Leudelange,16,6097.3069999999998,4569,7585,2017,,,,,,,,,,,
Lintgen,17,4900.8869999999997,3406,6202,2017,,,,,,,,,,,
Lorentzweiler,23,5042.9639999999999,2464,6332,2017,,,,,,,,,,,
Luxembourg City,660,7074.2650000000003,4636,9635,2017,,,,,,,,,,,
Mamer,40,5715.7790000000005,3921,6793,2017,,,,,,,,,,,
Manternach,2,5102.931,3032,8096,2017,,,,,,,,,,,
Mersch,68,4809.692,3495,6234,2017,,,,,,,,,,,
Mertert,28,4300.8429999999998,2989,5498,2017,,,,,,,,,,,
Mertzig,3,5102.931,3032,8096,2017,,,,,,,,,,,
Mompach,0,5102.931,3032,8096,2017,,,,,,,,,,,
Mondercange,37,4624.1909999999998,3482,5722,2017,,,,,,,,,,,
Mondorf-les-Bains,58,4778.4250000000002,3435,5997,2017,,,,,,,,,,,
Niederanven,10,6341.0910000000003,4678,9292,2017,,,,,,,,,,,
Nommern,6,5102.931,3032,8096,2017,,,,,,,,,,,
Parc Hosingen,11,3312.529,2524,4069,2017,,,,,,,,,,,
Petange,161,4140.0829999999996,2826,5417,2017,,,,,,,,,,,
Preizerdaul,2,5102.931,3032,8096,2017,,,,,,,,,,,
Putscheid,6,5102.931,3032,8096,2017,,,,,,,,,,,
Rambrouch,3,5102.931,3032,8096,2017,,,,,,,,,,,
Reckange-sur-Mess,17,4442.598,2459,5420,2017,,,,,,,,,,,
Redange,8,5102.931,3032,8096,2017,,,,,,,,,,,
Reisdorf,5,5102.931,3032,8096,2017,,,,,,,,,,,
Remich,36,4410.2280000000001,2815,6417,2017,,,,,,,,,,,
Roeser,58,5459.41,4336,7096,2017,,,,,,,,,,,
Rosport,4,5102.931,3032,8096,2017,,,,,,,,,,,
Rumelange,41,4002.2289999999998,2255,5464,2017,,,,,,,,,,,
Saeul,5,5102.931,3032,8096,2017,,,,,,,,,,,
Sandweiler,28,5920.732,4336,7298,2017,,,,,,,,,,,
Sanem,103,4651.0140000000001,3303,6124,2017,,,,,,,,,,,
Schengen,24,4597.21,3437,5646,2017,,,,,,,,,,,
Schieren,11,4788.7529999999997,3704,5303,2017,,,,,,,,,,,
Schifflange,82,4693.7060000000001,3081,6342,2017,,,,,,,,,,,
Schuttrange,8,5102.931,3032,8096,2017,,,,,,,,,,,
Septfontaines,24,4365.74,3408,5650,2017,,,,,,,,,,,
Stadtbredimus,10,4515.2690000000002,3414,6374,2017,,,,,,,,,,,
Steinfort,24,4678.7690000000002,3993,5860,2017,,,,,,,,,,,
Steinsel,16,5745.5789999999997,4598,7696,2017,,,,,,,,,,,
Strassen,79,6820.9790000000003,5056,8686,2017,,,,,,,,,,,
Tandel,2,5102.931,3032,8096,2017,,,,,,,,,,,
Troisvierges,2,5102.931,3032,8096,2017,,,,,,,,,,,
Tuntange,11,4681.857,4065,5249,2017,,,,,,,,,,,
Useldange,9,5102.931,3032,8096,2017,,,,,,,,,,,
Vallée de l'Ernz,6,5102.931,3032,8096,2017,,,,,,,,,,,
Vianden,4,5102.931,3032,8096,2017,,,,,,,,,,,
Vichten,2,5102.931,3032,8096,2017,,,,,,,,,,,
Wahl,0,5102.931,3032,8096,2017,,,,,,,,,,,
Waldbillig,2,5102.931,3032,8096,2017,,,,,,,,,,,
Waldbredimus,0,5102.931,3032,8096,2017,,,,,,,,,,,
Walferdange,47,5707.0240000000003,4394,7256,2017,,,,,,,,,,,
Weiler-la-Tour,6,5102.931,3032,8096,2017,,,,,,,,,,,
Weiswampach,17,3593.4560000000001,2340,6232,2017,,,,,,,,,,,
Wiltz,31,3386.2710000000002,2040,6075,2017,,,,,,,,,,,
Wincrange,10,3311.7759999999998,2512,4442,2017,,,,,,,,,,,
Winseler,5,5102.931,3032,8096,2017,,,,,,,,,,,
Wormeldange,9,5102.931,3032,8096,2017,,,,,,,,,,,
National Average,,5102.9309999999996,3032,8096,2017,,,,,,,,,,,
Beaufort,7,5576.048,3203,9210,2018,,,,,,,,,,,
Bech,2,5576.048,3203,9210,2018,,,,,,,,,,,
Beckerich,12,4425.8130000000001,3307,6015,2018,,,,,,,,,,,
Berdorf,2,5576.048,3203,9210,2018,,,,,,,,,,,
Bertrange,44,7478.94,5436,10381,2018,,,,,,,,,,,
Bettembourg,59,5154.9219999999996,3798,6609,2018,,,,,,,,,,,
Bettendorf,5,5576.048,3203,9210,2018,,,,,,,,,,,
Betzdorf,6,5576.048,3203,9210,2018,,,,,,,,,,,
Bissen,12,4804.8969999999999,3086,5822,2018,,,,,,,,,,,
Biwer,1,5576.048,3203,9210,2018,,,,,,,,,,,
Boulaide,5,5576.048,3203,9210,2018,,,,,,,,,,,
Bourscheid,1,5576.048,3203,9210,2018,,,,,,,,,,,
Bous,5,5576.048,3203,9210,2018,,,,,,,,,,,
Clervaux,31,3703.2249999999999,3003,4775,2018,,,,,,,,,,,
Colmar-Berg,27,4534.0659999999998,3716,5470,2018,,,,,,,,,,,
Consdorf,0,5576.048,3203,9210,2018,,,,,,,,,,,
Contern,14,5807.3720000000003,4974,7429,2018,,,,,,,,,,,
Dalheim,9,5576.048,3203,9210,2018,,,,,,,,,,,
Diekirch,33,4695.884,3373,6209,2018,,,,,,,,,,,
Differdange,292,4608.201,3106,5911,2018,,,,,,,,,,,
Dippach,22,5130.902,4270,5925,2018,,,,,,,,,,,
Dudelange,155,4726.3729999999996,3070,6617,2018,,,,,,,,,,,
Echternach,19,4605.0429999999997,3202,6383,2018,,,,,,,,,,,
Ell,8,5576.048,3203,9210,2018,,,,,,,,,,,
Erpeldange-sur-Sûre,7,5576.048,3203,9210,2018,,,,,,,,,,,
Esch-sur-Alzette,343,4639.0770000000002,3089,6221,2018,,,,,,,,,,,
Esch-sur-Sûre,8,5576.048,3203,9210,2018,,,,,,,,,,,
Ettelbruck,55,4618.3869999999997,2971,6598,2018,,,,,,,,,,,
Feulen,3,5576.048,3203,9210,2018,,,,,,,,,,,
Fischbach,3,5576.048,3203,9210,2018,,,,,,,,,,,
Flaxweiler,0,5576.048,3203,9210,2018,,,,,,,,,,,
Frisange,36,5358.4489999999996,3650,6923,2018,,,,,,,,,,,
Garnich,3,5576.048,3203,9210,2018,,,,,,,,,,,
Goesdorf,7,5576.048,3203,9210,2018,,,,,,,,,,,
Grevenmacher,37,4843.0069999999996,3856,6049,2018,,,,,,,,,,,
Grosbous,4,5576.048,3203,9210,2018,,,,,,,,,,,
Habscht,38,4573.0410000000002,3303,5835,2018,,,,,,,,,,,
Heffingen,2,5576.048,3203,9210,2018,,,,,,,,,,,
Helperknapp,16,4484.2439999999997,2800,5342,2018,,,,,,,,,,,
Hesperange,109,6474.2830000000004,4866,8338,2018,,,,,,,,,,,
Junglinster,33,5827.3959999999997,4821,6994,2018,,,,,,,,,,,
Käerjeng,51,4793.7700000000004,3396,6258,2018,,,,,,,,,,,
Kayl,85,5018.03,3631,6415,2018,,,,,,,,,,,
Kehlen,23,5437.076,3154,6966,2018,,,,,,,,,,,
Kiischpelt,2,5576.048,3203,9210,2018,,,,,,,,,,,
Koerich,4,5576.048,3203,9210,2018,,,,,,,,,,,
Kopstal,9,5576.048,3203,9210,2018,,,,,,,,,,,
Lac de la Haute-Sûre,3,5576.048,3203,9210,2018,,,,,,,,,,,
Larochette,10,4006.61,3041,4835,2018,,,,,,,,,,,
Lenningen,4,5576.048,3203,9210,2018,,,,,,,,,,,
Leudelange,30,6662.3670000000002,4972,8114,2018,,,,,,,,,,,
Lintgen,16,4736.0720000000001,2378,7699,2018,,,,,,,,,,,
Lorentzweiler,17,6025.8860000000004,3442,7345,2018,,,,,,,,,,,
Luxembourg City,667,8099.0649999999996,5465,11173,2018,,,,,,,,,,,
Mamer,39,5704.1809999999996,3953,7364,2018,,,,,,,,,,,
Manternach,1,5576.048,3203,9210,2018,,,,,,,,,,,
Mersch,51,5331.0870000000004,3399,6862,2018,,,,,,,,,,,
Mertert,22,4506.9390000000003,3117,5650,2018,,,,,,,,,,,
Mertzig,6,5576.048,3203,9210,2018,,,,,,,,,,,
Mondercange,37,4911.8379999999997,3617,6225,2018,,,,,,,,,,,
Mondorf-les-Bains,52,5504.732,4017,7147,2018,,,,,,,,,,,
Niederanven,8,5576.048,3203,9210,2018,,,,,,,,,,,
Nommern,0,5576.048,3203,9210,2018,,,,,,,,,,,
Parc Hosingen,10,3790.8069999999998,2684,5270,2018,,,,,,,,,,,
Petange,166,4606.1689999999999,3269,5982,2018,,,,,,,,,,,
Preizerdaul,2,5576.048,3203,9210,2018,,,,,,,,,,,
Putscheid,1,5576.048,3203,9210,2018,,,,,,,,,,,
Rambrouch,10,3343.1770000000001,2264,4509,2018,,,,,,,,,,,
Reckange-sur-Mess,8,5576.048,3203,9210,2018,,,,,,,,,,,
Redange,11,4601.3,3337,5968,2018,,,,,,,,,,,
Reisdorf,2,5576.048,3203,9210,2018,,,,,,,,,,,
Remich,35,4521.6530000000002,2805,6510,2018,,,,,,,,,,,
Roeser,51,6020.0820000000003,4869,7887,2018,,,,,,,,,,,
Rosport-Mompach,4,5576.048,3203,9210,2018,,,,,,,,,,,
Rumelange,22,4238.4110000000001,2750,5285,2018,,,,,,,,,,,
Saeul,6,5576.048,3203,9210,2018,,,,,,,,,,,
Sandweiler,17,6233.3779999999997,4047,8172,2018,,,,,,,,,,,
Sanem,113,4787.6750000000002,3425,6100,2018,,,,,,,,,,,
Schengen,29,4453.3239999999996,3087,5446,2018,,,,,,,,,,,
Schieren,3,5576.048,3203,9210,2018,,,,,,,,,,,
Schifflange,86,5380.1909999999998,4016,6846,2018,,,,,,,,,,,
Schuttrange,13,5800.9709999999995,4269,7454,2018,,,,,,,,,,,
Stadtbredimus,14,4877.59,3399,6510,2018,,,,,,,,,,,
Steinfort,25,4880.6390000000001,3459,6064,2018,,,,,,,,,,,
Steinsel,22,5939.89,4676,7643,2018,,,,,,,,,,,
Strassen,54,7367.3329999999996,5107,9749,2018,,,,,,,,,,,
Tandel,9,5576.048,3203,9210,2018,,,,,,,,,,,
Troisvierges,6,5576.048,3203,9210,2018,,,,,,,,,,,
Useldange,3,5576.048,3203,9210,2018,,,,,,,,,,,
Vallée de l'Ernz,10,4146.4549999999999,2638,5068,2018,,,,,,,,,,,
Vianden,5,5576.048,3203,9210,2018,,,,,,,,,,,
Vichten,7,5576.048,3203,9210,2018,,,,,,,,,,,
Wahl,0,5576.048,3203,9210,2018,,,,,,,,,,,
Waldbillig,4,5576.048,3203,9210,2018,,,,,,,,,,,
Waldbredimus,3,5576.048,3203,9210,2018,,,,,,,,,,,
Walferdange,47,6362.1149999999998,4141,8325,2018,,,,,,,,,,,
Weiler-la-Tour,4,5576.048,3203,9210,2018,,,,,,,,,,,
Weiswampach,21,4265.5519999999997,2639,5608,2018,,,,,,,,,,,
Wiltz,52,3503.4929999999999,2578,5384,2018,,,,,,,,,,,
Wincrange,8,5576.048,3203,9210,2018,,,,,,,,,,,
Winseler,7,5576.048,3203,9210,2018,,,,,,,,,,,
Wormeldange,11,4120.3959999999997,3136,4943,2018,,,,,,,,,,,
National Average,,5576.0479999999998,3203,9210,2018,,,,,,,,,,,
Beaufort,4,6057.491,3482,10224,2019,,,,,,,,,,,
Bech,0,6057.491,3482,10224,2019,,,,,,,,,,,
Beckerich,7,6057.491,3482,10224,2019,,,,,,,,,,,
Berdorf,7,6057.491,3482,10224,2019,,,,,,,,,,,
Bertrange,30,8534.3809999999994,6059,12519,2019,,,,,,,,,,,
Bettembourg,40,5993.6239999999998,4536,7667,2019,,,,,,,,,,,
Bettendorf,9,6057.491,3482,10224,2019,,,,,,,,,,,
Betzdorf,7,6057.491,3482,10224,2019,,,,,,,,,,,
Bissen,15,5131.8149999999996,2229,7762,2019,,,,,,,,,,,
Biwer,2,6057.491,3482,10224,2019,,,,,,,,,,,
Boulaide,3,6057.491,3482,10224,2019,,,,,,,,,,,
Bourscheid,8,6057.491,3482,10224,2019,,,,,,,,,,,
Bous,9,6057.491,3482,10224,2019,,,,,,,,,,,
Clervaux,29,3750.9459999999999,2414,4909,2019,,,,,,,,,,,
Colmar-Berg,23,5080.1270000000004,4077,6298,2019,,,,,,,,,,,
Consdorf,4,6057.491,3482,10224,2019,,,,,,,,,,,
Contern,8,6057.491,3482,10224,2019,,,,,,,,,,,
Dalheim,4,6057.491,3482,10224,2019,,,,,,,,,,,
Diekirch,34,5077.9399999999996,2792,6969,2019,,,,,,,,,,,
Differdange,302,4955.3950000000004,3383,6385,2019,,,,,,,,,,,
Dippach,19,5692.6360000000004,3975,7653,2019,,,,,,,,,,,
Dudelange,134,5301.83,3799,6966,2019,,,,,,,,,,,
Echternach,31,4709.5950000000003,3430,5714,2019,,,,,,,,,,,
Ell,5,6057.491,3482,10224,2019,,,,,,,,,,,
Erpeldange-sur-Sûre,9,6057.491,3482,10224,2019,,,,,,,,,,,
Esch-sur-Alzette,273,5111.0659999999998,3204,7072,2019,,,,,,,,,,,
Esch-sur-Sûre,5,6057.491,3482,10224,2019,,,,,,,,,,,
Ettelbruck,51,5126.3959999999997,3547,6318,2019,,,,,,,,,,,
Feulen,1,6057.491,3482,10224,2019,,,,,,,,,,,
Fischbach,3,6057.491,3482,10224,2019,,,,,,,,,,,
Flaxweiler,1,6057.491,3482,10224,2019,,,,,,,,,,,
Frisange,29,5606.8090000000002,4090,7764,2019,,,,,,,,,,,
Garnich,0,6057.491,3482,10224,2019,,,,,,,,,,,
Goesdorf,4,6057.491,3482,10224,2019,,,,,,,,,,,
Grevenmacher,34,5112.5649999999996,2996,6737,2019,,,,,,,,,,,
Grosbous,6,6057.491,3482,10224,2019,,,,,,,,,,,
Habscht,22,4566.1959999999999,2805,6130,2019,,,,,,,,,,,
Heffingen,9,6057.491,3482,10224,2019,,,,,,,,,,,
Helperknapp,8,6057.491,3482,10224,2019,,,,,,,,,,,
Hesperange,100,7529.6750000000002,5597,10075,2019,,,,,,,,,,,
Junglinster,18,5919.7479999999996,3876,7894,2019,,,,,,,,,,,
Käerjeng,40,5202.5,3645,6514,2019,,,,,,,,,,,
Kayl,85,5669.2979999999998,3964,7328,2019,,,,,,,,,,,
Kehlen,11,6502.9570000000003,4847,7362,2019,,,,,,,,,,,
Kiischpelt,1,6057.491,3482,10224,2019,,,,,,,,,,,
Koerich,4,6057.491,3482,10224,2019,,,,,,,,,,,
Kopstal,9,6057.491,3482,10224,2019,,,,,,,,,,,
Lac de la Haute-Sûre,6,6057.491,3482,10224,2019,,,,,,,,,,,
Larochette,9,6057.491,3482,10224,2019,,,,,,,,,,,
Lenningen,3,6057.491,3482,10224,2019,,,,,,,,,,,
Leudelange,10,7444.5460000000003,5398,10581,2019,,,,,,,,,,,
Lintgen,20,5385.33,3541,6756,2019,,,,,,,,,,,
Lorentzweiler,15,6573.6530000000002,4871,8154,2019,,,,,,,,,,,
Luxembourg City,544,9028.8880000000008,6111,12528,2019,,,,,,,,,,,
Mamer,29,6360.4260000000004,3697,7801,2019,,,,,,,,,,,
Manternach,0,6057.491,3482,10224,2019,,,,,,,,,,,
Mersch,42,5391.43,3648,7648,2019,,,,,,,,,,,
Mertert,24,5054.0510000000004,4476,5847,2019,,,,,,,,,,,
Mertzig,4,6057.491,3482,10224,2019,,,,,,,,,,,
Mondercange,38,5627.777,3828,7429,2019,,,,,,,,,,,
Mondorf-les-Bains,46,5799.2920000000004,4301,7270,2019,,,,,,,,,,,
Niederanven,4,6057.491,3482,10224,2019,,,,,,,,,,,
Nommern,1,6057.491,3482,10224,2019,,,,,,,,,,,
Parc Hosingen,17,3734.7930000000001,2252,5487,2019,,,,,,,,,,,
Petange,158,4968.3670000000002,3424,6523,2019,,,,,,,,,,,
Preizerdaul,0,6057.491,3482,10224,2019,,,,,,,,,,,
Putscheid,0,6057.491,3482,10224,2019,,,,,,,,,,,
Rambrouch,6,6057.491,3482,10224,2019,,,,,,,,,,,
Reckange-sur-Mess,9,6057.491,3482,10224,2019,,,,,,,,,,,
Redange,6,6057.491,3482,10224,2019,,,,,,,,,,,
Reisdorf,2,6057.491,3482,10224,2019,,,,,,,,,,,
Remich,38,4988.7579999999998,2967,7526,2019,,,,,,,,,,,
Roeser,50,6254.0640000000003,5006,7740,2019,,,,,,,,,,,
Rosport-Mompach,3,6057.491,3482,10224,2019,,,,,,,,,,,
Rumelange,40,4821.4179999999997,3342,6847,2019,,,,,,,,,,,
Saeul,7,6057.491,3482,10224,2019,,,,,,,,,,,
Sandweiler,18,6697.7870000000003,4498,8144,2019,,,,,,,,,,,
Sanem,87,5190.53,3969,6645,2019,,,,,,,,,,,
Schengen,31,4913.1490000000003,2341,7395,2019,,,,,,,,,,,
Schieren,7,6057.491,3482,10224,2019,,,,,,,,,,,
Schifflange,95,5884.6930000000002,3967,7748,2019,,,,,,,,,,,
Schuttrange,9,6057.491,3482,10224,2019,,,,,,,,,,,
Stadtbredimus,15,4868.9650000000001,3541,6797,2019,,,,,,,,,,,
Steinfort,13,5164.2250000000004,3502,6099,2019,,,,,,,,,,,
Steinsel,10,6497.4570000000003,3854,8956,2019,,,,,,,,,,,
Strassen,51,8374.2489999999998,5674,12720,2019,,,,,,,,,,,
Tandel,8,6057.491,3482,10224,2019,,,,,,,,,,,
Troisvierges,5,6057.491,3482,10224,2019,,,,,,,,,,,
Useldange,5,6057.491,3482,10224,2019,,,,,,,,,,,
Vallée de l'Ernz,8,6057.491,3482,10224,2019,,,,,,,,,,,
Vianden,4,6057.491,3482,10224,2019,,,,,,,,,,,
Vichten,1,6057.491,3482,10224,2019,,,,,,,,,,,
Wahl,2,6057.491,3482,10224,2019,,,,,,,,,,,
Waldbillig,1,6057.491,3482,10224,2019,,,,,,,,,,,
Waldbredimus,1,6057.491,3482,10224,2019,,,,,,,,,,,
Walferdange,43,6733.7529999999997,5190,7707,2019,,,,,,,,,,,
Weiler-la-Tour,12,6358.8720000000003,4922,11586,2019,,,,,,,,,,,
Weiswampach,20,4308.8559999999998,3123,6893,2019,,,,,,,,,,,
Wiltz,38,3943.857,2559,5433,2019,,,,,,,,,,,
Wincrange,3,6057.491,3482,10224,2019,,,,,,,,,,,
Winseler,7,6057.491,3482,10224,2019,,,,,,,,,,,
Wormeldange,13,5201.6409999999996,3246,8498,2019,,,,,,,,,,,
National Average,,6057.491,3482,10224,2019,,,,,,,,,,,
Beaufort,0,7013.651,3936,11386,2020,,,,,,,,,,,
Bech,1,7013.651,3936,11386,2020,,,,,,,,,,,
Beckerich,6,7013.651,3936,11386,2020,,,,,,,,,,,
Berdorf,12,5109.8050000000003,3125,8048,2020,,,,,,,,,,,
Bertrange,53,10087.75,5854,13850,2020,,,,,,,,,,,
Bettembourg,39,6962.4979999999996,4733,9119,2020,,,,,,,,,,,
Bettendorf,12,5178.9260000000004,3409,6774,2020,,,,,,,,,,,
Betzdorf,3,7013.651,3936,11386,2020,,,,,,,,,,,
Bissen,21,6149.6930000000002,4323,8489,2020,,,,,,,,,,,
Biwer,0,7013.651,3936,11386,2020,,,,,,,,,,,
Boulaide,1,7013.651,3936,11386,2020,,,,,,,,,,,
Bourscheid,6,7013.651,3936,11386,2020,,,,,,,,,,,
Bous,5,7013.651,3936,11386,2020,,,,,,,,,,,
Clervaux,27,4351.6059999999998,3028,5680,2020,,,,,,,,,,,
Colmar-Berg,16,5460.9769999999999,3975,7895,2020,,,,,,,,,,,
Consdorf,3,7013.651,3936,11386,2020,,,,,,,,,,,
Contern,8,7013.651,3936,11386,2020,,,,,,,,,,,
Dalheim,2,7013.651,3936,11386,2020,,,,,,,,,,,
Diekirch,39,6083.0519999999997,3596,8219,2020,,,,,,,,,,,
Differdange,258,5998.6670000000004,3758,8002,2020,,,,,,,,,,,
Dippach,10,6997.6189999999997,4941,8239,2020,,,,,,,,,,,
Dudelange,142,6467.7950000000001,4316,8777,2020,,,,,,,,,,,
Echternach,28,5344.43,3936,6974,2020,,,,,,,,,,,
Ell,5,7013.651,3936,11386,2020,,,,,,,,,,,
Erpeldange-sur-Sûre,9,7013.651,3936,11386,2020,,,,,,,,,,,
Esch-sur-Alzette,290,6021.2449999999999,3964,8126,2020,,,,,,,,,,,
Esch-sur-Sûre,11,5021.5889999999999,2819,6935,2020,,,,,,,,,,,
Ettelbruck,42,5507.0339999999997,3885,7420,2020,,,,,,,,,,,
Feulen,2,7013.651,3936,11386,2020,,,,,,,,,,,
Fischbach,3,7013.651,3936,11386,2020,,,,,,,,,,,
Flaxweiler,0,7013.651,3936,11386,2020,,,,,,,,,,,
Frisange,28,6595.0780000000004,4550,8346,2020,,,,,,,,,,,
Garnich,1,7013.651,3936,11386,2020,,,,,,,,,,,
Goesdorf,7,7013.651,3936,11386,2020,,,,,,,,,,,
Grevenmacher,21,5473.5590000000002,4185,6700,2020,,,,,,,,,,,
Grosbous,8,7013.651,3936,11386,2020,,,,,,,,,,,
Habscht,26,5862.4579999999996,4237,8651,2020,,,,,,,,,,,
Heffingen,6,7013.651,3936,11386,2020,,,,,,,,,,,
Helperknapp,17,5971.5140000000001,3626,9087,2020,,,,,,,,,,,
Hesperange,95,8437.1299999999992,5185,10688,2020,,,,,,,,,,,
Junglinster,17,7131.3580000000002,4823,9155,2020,,,,,,,,,,,
Käerjeng,36,6373.17,4566,8797,2020,,,,,,,,,,,
Kayl,92,6599.31,4452,8556,2020,,,,,,,,,,,
Kehlen,13,7059.8689999999997,4763,9306,2020,,,,,,,,,,,
Kiischpelt,1,7013.651,3936,11386,2020,,,,,,,,,,,
Koerich,5,7013.651,3936,11386,2020,,,,,,,,,,,
Kopstal,17,8606.1759999999995,5395,12743,2020,,,,,,,,,,,
Lac de la Haute-Sûre,1,7013.651,3936,11386,2020,,,,,,,,,,,
Larochette,12,5439.491,4197,6918,2020,,,,,,,,,,,
Lenningen,8,7013.651,3936,11386,2020,,,,,,,,,,,
Leudelange,10,7410.1440000000002,6864,8045,2020,,,,,,,,,,,
Lintgen,16,6329.6840000000002,2779,8385,2020,,,,,,,,,,,
Lorentzweiler,17,7951.777,4718,9795,2020,,,,,,,,,,,
Luxembourg City,465,10263.31,7165,13508,2020,,,,,,,,,,,
Mamer,29,7200.0169999999998,4405,9709,2020,,,,,,,,,,,
Manternach,1,7013.651,3936,11386,2020,,,,,,,,,,,
Mersch,52,6355.4960000000001,3977,8487,2020,,,,,,,,,,,
Mertert,22,5574.4840000000004,3786,6815,2020,,,,,,,,,,,
Mertzig,6,7013.651,3936,11386,2020,,,,,,,,,,,
Mondercange,33,6641.473,3770,8960,2020,,,,,,,,,,,
Mondorf-les-Bains,40,6618.3509999999997,4181,8833,2020,,,,,,,,,,,
Niederanven,4,7013.651,3936,11386,2020,,,,,,,,,,,
Nommern,1,7013.651,3936,11386,2020,,,,,,,,,,,
Parc Hosingen,7,7013.651,3936,11386,2020,,,,,,,,,,,
Petange,168,5862.33,3914,7480,2020,,,,,,,,,,,
Preizerdaul,3,7013.651,3936,11386,2020,,,,,,,,,,,
Putscheid,1,7013.651,3936,11386,2020,,,,,,,,,,,
Rambrouch,7,7013.651,3936,11386,2020,,,,,,,,,,,
Reckange-sur-Mess,5,7013.651,3936,11386,2020,,,,,,,,,,,
Redange,4,7013.651,3936,11386,2020,,,,,,,,,,,
Reisdorf,4,7013.651,3936,11386,2020,,,,,,,,,,,
Remich,38,6173.3639999999996,3670,8346,2020,,,,,,,,,,,
Roeser,46,7563.6080000000002,5785,8886,2020,,,,,,,,,,,
Rosport-Mompach,4,7013.651,3936,11386,2020,,,,,,,,,,,
Rumelange,31,5612.7280000000001,3882,8179,2020,,,,,,,,,,,
Saeul,4,7013.651,3936,11386,2020,,,,,,,,,,,
Sandweiler,22,7509.7309999999998,5661,9003,2020,,,,,,,,,,,
Sanem,101,6184.8940000000002,3921,8214,2020,,,,,,,,,,,
Schengen,29,5799.0169999999998,3965,7885,2020,,,,,,,,,,,
Schieren,8,7013.651,3936,11386,2020,,,,,,,,,,,
Schifflange,110,7321.2709999999997,4947,9592,2020,,,,,,,,,,,
Schuttrange,12,7412.5789999999997,4602,8980,2020,,,,,,,,,,,
Stadtbredimus,16,5737.5079999999998,2780,8678,2020,,,,,,,,,,,
Steinfort,15,6792.9170000000004,5048,9533,2020,,,,,,,,,,,
Steinsel,24,7477.8130000000001,5131,9165,2020,,,,,,,,,,,
Strassen,60,9682.6710000000003,6186,12134,2020,,,,,,,,,,,
Tandel,9,7013.651,3936,11386,2020,,,,,,,,,,,
Troisvierges,9,7013.651,3936,11386,2020,,,,,,,,,,,
Useldange,3,7013.651,3936,11386,2020,,,,,,,,,,,
Vallée de l'Ernz,8,7013.651,3936,11386,2020,,,,,,,,,,,
Vianden,10,4871.424,2929,6840,2020,,,,,,,,,,,
Vichten,7,7013.651,3936,11386,2020,,,,,,,,,,,
Wahl,1,7013.651,3936,11386,2020,,,,,,,,,,,
Waldbillig,5,7013.651,3936,11386,2020,,,,,,,,,,,
Waldbredimus,1,7013.651,3936,11386,2020,,,,,,,,,,,
Walferdange,35,8745.3529999999992,5399,12661,2020,,,,,,,,,,,
Weiler-la-Tour,11,7396.0820000000003,4554,9335,2020,,,,,,,,,,,
Weiswampach,22,4604.1289999999999,4018,5356,2020,,,,,,,,,,,
Wiltz,40,4132.7299999999996,2899,6037,2020,,,,,,,,,,,
Wincrange,2,7013.651,3936,11386,2020,,,,,,,,,,,
Winseler,2,7013.651,3936,11386,2020,,,,,,,,,,,
Wormeldange,14,5848.607,4003,7510,2020,,,,,,,,,,,
National Average,,7013.6509999999998,3936,11386,2020,,,,,,,,,,,
Beaufort,1,7562.748,4202,12055,2021,,,,,,,,,,,
Bech,0,7562.748,4202,12055,2021,,,,,,,,,,,
Beckerich,11,5796.7389999999996,4038,7079,2021,,,,,,,,,,,
Berdorf,12,5610.1629999999996,3125,8048,2021,,,,,,,,,,,
Bertrange,59,10248.5,6372,13850,2021,,,,,,,,,,,
Bettembourg,46,7065.4489999999996,5139,8409,2021,,,,,,,,,,,
Bettendorf,10,5760.2529999999997,4271,7270,2021,,,,,,,,,,,
Betzdorf,6,7562.748,4202,12055,2021,,,,,,,,,,,
Bissen,30,6467.0529999999999,3685,8800,2021,,,,,,,,,,,
Biwer,0,7562.748,4202,12055,2021,,,,,,,,,,,
Boulaide,1,7562.748,4202,12055,2021,,,,,,,,,,,
Bourscheid,3,7562.748,4202,12055,2021,,,,,,,,,,,
Bous,8,7562.748,4202,12055,2021,,,,,,,,,,,
Clervaux,25,4688.47,3028,5680,2021,,,,,,,,,,,
Colmar-Berg,17,6245.7330000000002,3975,7895,2021,,,,,,,,,,,
Consdorf,3,7562.748,4202,12055,2021,,,,,,,,,,,
Contern,15,8232.3119999999999,5449,10530,2021,,,,,,,,,,,
Dalheim,3,7562.748,4202,12055,2021,,,,,,,,,,,
Diekirch,42,6164.7910000000002,3888,7971,2021,,,,,,,,,,,
Differdange,305,6613.5950000000003,4017,8839,2021,,,,,,,,,,,
Dippach,15,7373.3209999999999,5928,9030,2021,,,,,,,,,,,
Dudelange,158,6819.9120000000003,4424,9034,2021,,,,,,,,,,,
Echternach,30,5324.28,3631,6470,2021,,,,,,,,,,,
Ell,11,5850.77,4669,7512,2021,,,,,,,,,,,
Erpeldange-sur-Sûre,9,7562.748,4202,12055,2021,,,,,,,,,,,
Esch-sur-Alzette,311,6477.5360000000001,4159,8849,2021,,,,,,,,,,,
Esch-sur-Sûre,13,5265.06,2819,6935,2021,,,,,,,,,,,
Ettelbruck,55,6120.9660000000003,3931,9259,2021,,,,,,,,,,,
Feulen,3,7562.748,4202,12055,2021,,,,,,,,,,,
Fischbach,3,7562.748,4202,12055,2021,,,,,,,,,,,
Flaxweiler,1,7562.748,4202,12055,2021,,,,,,,,,,,
Frisange,26,6836.0029999999997,5192,8346,2021,,,,,,,,,,,
Garnich,3,7562.748,4202,12055,2021,,,,,,,,,,,
Goesdorf,7,7562.748,4202,12055,2021,,,,,,,,,,,
Grevenmacher,23,6248.8410000000003,4351,8067,2021,,,,,,,,,,,
Grosbous,6,7562.748,4202,12055,2021,,,,,,,,,,,
Habscht,29,6611.759,4352,9184,2021,,,,,,,,,,,
Heffingen,6,7562.748,4202,12055,2021,,,,,,,,,,,
Helperknapp,18,6780.201,4632,8907,2021,,,,,,,,,,,
Hesperange,112,8879.9339999999993,6101,11224,2021,,,,,,,,,,,
Junglinster,21,7607.73,4753,9633,2021,,,,,,,,,,,
Käerjeng,53,6483.8770000000004,4563,8757,2021,,,,,,,,,,,
Kayl,103,7177.1469999999999,4823,8772,2021,,,,,,,,,,,
Kehlen,18,7778.4459999999999,4763,10876,2021,,,,,,,,,,,
Kiischpelt,2,7562.748,4202,12055,2021,,,,,,,,,,,
Koerich,6,7562.748,4202,12055,2021,,,,,,,,,,,
Kopstal,17,8661.8389999999999,5395,12743,2021,,,,,,,,,,,
Lac de la Haute-Sûre,0,7562.748,4202,12055,2021,,,,,,,,,,,
Larochette,17,5741.2510000000002,3899,7581,2021,,,,,,,,,,,
Lenningen,5,7562.748,4202,12055,2021,,,,,,,,,,,
Leudelange,14,8605.8739999999998,6225,11703,2021,,,,,,,,,,,
Lintgen,14,7926.1530000000002,5297,10002,2021,,,,,,,,,,,
Lorentzweiler,16,8488.527,6538,10552,2021,,,,,,,,,,,
Luxembourg City,590,10753.31,7631,14061,2021,,,,,,,,,,,
Mamer,38,8193.4779999999992,4728,10286,2021,,,,,,,,,,,
Manternach,2,7562.748,4202,12055,2021,,,,,,,,,,,
Mersch,56,6774.0720000000001,4342,9426,2021,,,,,,,,,,,
Mertert,29,6092.8190000000004,3778,8288,2021,,,,,,,,,,,
Mertzig,4,7562.748,4202,12055,2021,,,,,,,,,,,
Mondercange,39,7099.0249999999996,3770,9104,2021,,,,,,,,,,,
Mondorf-les-Bains,63,7091.2079999999996,5092,9488,2021,,,,,,,,,,,
Niederanven,2,7562.748,4202,12055,2021,,,,,,,,,,,
Nommern,4,7562.748,4202,12055,2021,,,,,,,,,,,
Parc Hosingen,12,5138.558,3565,6755,2021,,,,,,,,,,,
Petange,179,6347.4,3914,8415,2021,,,,,,,,,,,
Preizerdaul,3,7562.748,4202,12055,2021,,,,,,,,,,,
Putscheid,1,7562.748,4202,12055,2021,,,,,,,,,,,
Rambrouch,3,7562.748,4202,12055,2021,,,,,,,,,,,
Reckange-sur-Mess,3,7562.748,4202,12055,2021,,,,,,,,,,,
Redange,8,7562.748,4202,12055,2021,,,,,,,,,,,
Reisdorf,4,7562.748,4202,12055,2021,,,,,,,,,,,
Remich,29,6742.3549999999996,4260,8381,2021,,,,,,,,,,,
Roeser,57,8009.7449999999999,5745,9936,2021,,,,,,,,,,,
Rosport-Mompach,3,7562.748,4202,12055,2021,,,,,,,,,,,
Rumelange,37,5919.8990000000003,3882,8959,2021,,,,,,,,,,,
Saeul,4,7562.748,4202,12055,2021,,,,,,,,,,,
Sandweiler,24,7946.7430000000004,6232,9369,2021,,,,,,,,,,,
Sanem,119,6954.7740000000003,4595,9255,2021,,,,,,,,,,,
Schengen,27,6268.924,4286,8612,2021,,,,,,,,,,,
Schieren,11,6262.2150000000001,4177,8866,2021,,,,,,,,,,,
Schifflange,109,7864.6850000000004,5041,9977,2021,,,,,,,,,,,
Schuttrange,14,7301.4629999999997,4602,8980,2021,,,,,,,,,,,
Stadtbredimus,12,6542.1019999999999,3761,8678,2021,,,,,,,,,,,
Steinfort,15,7472.665,4480,10115,2021,,,,,,,,,,,
Steinsel,20,8216.0390000000007,4846,11269,2021,,,,,,,,,,,
Strassen,73,9998.3790000000008,6867,12472,2021,,,,,,,,,,,
Tandel,3,7562.748,4202,12055,2021,,,,,,,,,,,
Troisvierges,17,4571.3059999999996,3573,6489,2021,,,,,,,,,,,
Useldange,6,7562.748,4202,12055,2021,,,,,,,,,,,
Vallée de l'Ernz,8,7562.748,4202,12055,2021,,,,,,,,,,,
Vianden,7,7562.748,4202,12055,2021,,,,,,,,,,,
Vichten,6,7562.748,4202,12055,2021,,,,,,,,,,,
Wahl,1,7562.748,4202,12055,2021,,,,,,,,,,,
Waldbillig,6,7562.748,4202,12055,2021,,,,,,,,,,,
Waldbredimus,1,7562.748,4202,12055,2021,,,,,,,,,,,
Walferdange,54,8915.9349999999995,5900,12661,2021,,,,,,,,,,,
Weiler-la-Tour,7,7562.748,4202,12055,2021,,,,,,,,,,,
Weiswampach,33,4516.0010000000002,3498,5643,2021,,,,,,,,,,,
Wiltz,26,4318.5469999999996,2904,6132,2021,,,,,,,,,,,
Wincrange,5,7562.748,4202,12055,2021,,,,,,,,,,,
Winseler,6,7562.748,4202,12055,2021,,,,,,,,,,,
Wormeldange,18,5798.1880000000001,4003,7510,2021,,,,,,,,,,,
National Average,,7562.7479999999996,4202,12055,2021,,,,,,,,,,,
