Commune,Number of sales,Average registered price per squared meter in Euros,MinPriceSM,MaxPriceSM,ARPsm_VEPA,MinPriceSM_VEPA,MaxPriceSM_VEPA,Year
Beaufort,3,3488.124,2301,4852,4264.941,2894,6203,2009
Bech,0,3488.124,2301,4852,4264.941,2894,6203,2009
Beckerich,3,3488.124,2301,4852,4264.941,2894,6203,2009
Berdorf,3,3488.124,2301,4852,4264.941,2894,6203,2009
Bertrange,27,4050.639,2478,5653,5224.182,4027,5745,2009
Bettembourg,32,3542.597,2760,4428,4264.941,2894,6203,2009
Bettendorf,3,3488.124,2301,4852,4264.941,2894,6203,2009
Betzdorf,7,3488.124,2301,4852,4264.941,2894,6203,2009
Bissen,11,3254.024,2618,3657,4264.941,2894,6203,2009
Biwer,1,3488.124,2301,4852,4264.941,2894,6203,2009
Boevange-sur-Attert,2,3488.124,2301,4852,4264.941,2894,6203,2009
Boulaide,2,3488.124,2301,4852,4264.941,2894,6203,2009
Bourscheid,0,3488.124,2301,4852,4264.941,2894,6203,2009
Bous,3,3488.124,2301,4852,4264.941,2894,6203,2009
Clervaux,12,2922.786,2048,3629,4264.941,2894,6203,2009
Colmar-Berg,14,3243.431,2295,3705,3412.167,2659,3859,2009
Consdorf,4,3488.124,2301,4852,4264.941,2894,6203,2009
Contern,13,3577.672,2393,5612,4264.941,2894,6203,2009
Dalheim,7,3488.124,2301,4852,4264.941,2894,6203,2009
Diekirch,26,3254.674,1876,4545,4264.941,2894,6203,2009
Differdange,149,3197.405,2157,4114,3576.627,2730,4513,2009
Dippach,23,3022.317,1586,4014,4264.941,2894,6203,2009
Dudelange,111,3264.304,2315,4180,4300.076,3362,5213,2009
Echternach,23,3201.468,2105,4401,4264.941,2894,6203,2009
Ell,6,3488.124,2301,4852,4264.941,2894,6203,2009
Erpeldange,5,3488.124,2301,4852,3851.223,2888,5035,2009
Esch-sur-Alzette,145,3145.165,2231,4129,4152.841,3390,5081,2009
Esch-sur-S?e,0,3488.124,2301,4852,4264.941,2894,6203,2009
Eschweiler,4,3488.124,2301,4852,4264.941,2894,6203,2009
Ettelbruck,37,3117.347,2252,4010,3807.797,2966,4911,2009
Feulen,1,3488.124,2301,4852,4264.941,2894,6203,2009
Fischbach,9,3488.124,2301,4852,4264.941,2894,6203,2009
Flaxweiler,0,3488.124,2301,4852,4264.941,2894,6203,2009
Frisange,30,3365.476,2273,4304,4264.941,2894,6203,2009
Garnich,2,3488.124,2301,4852,4264.941,2894,6203,2009
Goesdorf,3,3488.124,2301,4852,4264.941,2894,6203,2009
Grevenmacher,28,3174.88,1984,4149,3954.671,2972,4907,2009
Grosbous,1,3488.124,2301,4852,4264.941,2894,6203,2009
Heffingen,3,3488.124,2301,4852,4264.941,2894,6203,2009
Hesperange,103,3793.039,2772,4858,4316.986,3525,5437,2009
Hobscheid,15,3440.977,2644,4510,4264.941,2894,6203,2009
Junglinster,19,3759.141,2852,4487,4542.026,3445,5065,2009
Kaerjeng,45,3202.215,2269,3966,3935.386,2777,4631,2009
Kayl,61,3245.489,2167,4040,3678.271,2621,4266,2009
Kehlen,13,3067.42,1838,4216,4264.941,2894,6203,2009
Kiischpelt,0,3488.124,2301,4852,4264.941,2894,6203,2009
Koerich,4,3488.124,2301,4852,4264.941,2894,6203,2009
Kopstal,6,3488.124,2301,4852,4264.941,2894,6203,2009
Lac de la Haute-S?e,0,3488.124,2301,4852,4264.941,2894,6203,2009
Larochette,8,3488.124,2301,4852,4264.941,2894,6203,2009
Lenningen,6,3488.124,2301,4852,4264.941,2894,6203,2009
Leudelange,12,4316.903,3089,5212,4264.941,2894,6203,2009
Lintgen,10,3587.539,2753,3889,4264.941,2894,6203,2009
Lorentzweiler,12,3831.168,2646,4898,4431.109,3285,5691,2009
Luxembourg City,415,4060.211,2595,5695,5447.773,3889,7551,2009
Mamer,19,3635.166,2311,4926,4455.12,3293,5219,2009
Manternach,1,3488.124,2301,4852,4264.941,2894,6203,2009
Mersch,32,3312.248,2430,4526,3559.024,2843,4286,2009
Mertert,12,3199.788,2110,4063,3885.649,3111,4588,2009
Mertzig,3,3488.124,2301,4852,4264.941,2894,6203,2009
Mompach,0,3488.124,2301,4852,4264.941,2894,6203,2009
Mondercange,32,3483.475,2795,4197,4264.941,2894,6203,2009
Mondorf-les-Bains,34,3598.984,1806,4595,4264.941,2894,6203,2009
Niederanven,5,3488.124,2301,4852,4264.941,2894,6203,2009
Nommern,2,3488.124,2301,4852,4264.941,2894,6203,2009
Parc Hosingen,8,3488.124,2301,4852,4264.941,2894,6203,2009
Petange,87,3076.034,2079,4268,3557.587,2437,5128,2009
Preizerdaul,1,3488.124,2301,4852,4264.941,2894,6203,2009
Putscheid,0,3488.124,2301,4852,4264.941,2894,6203,2009
Rambrouch,0,3488.124,2301,4852,4264.941,2894,6203,2009
Reckange-sur-Mess,8,3488.124,2301,4852,4264.941,2894,6203,2009
Redange,4,3488.124,2301,4852,4264.941,2894,6203,2009
Reisdorf,0,3488.124,2301,4852,4264.941,2894,6203,2009
Remich,31,3106.261,2301,3905,3681.461,2738,4407,2009
Roeser,41,3822.888,2636,4619,4537.518,3686,5289,2009
Rosport,3,3488.124,2301,4852,4264.941,2894,6203,2009
Rumelange,20,3295.224,2375,4324,3825.249,3539,4173,2009
Saeul,8,3488.124,2301,4852,4264.941,2894,6203,2009
Sandweiler,11,3974.017,2590,4549,4264.941,2894,6203,2009
Sanem,88,3358.017,2636,4332,3750.371,3261,4177,2009
Schengen,15,3106.413,2197,4329,4264.941,2894,6203,2009
Schieren,0,3488.124,2301,4852,4264.941,2894,6203,2009
Schifflange,40,3171.576,2510,3851,3848.276,3005,4706,2009
Schuttrange,10,3655.212,2301,4153,4264.941,2894,6203,2009
Septfontaines,0,3488.124,2301,4852,4264.941,2894,6203,2009
Stadtbredimus,11,3457.504,2654,3853,4264.941,2894,6203,2009
Steinfort,17,3551.988,1805,4662,4264.941,2894,6203,2009
Steinsel,17,3576.742,2087,4746,4370.095,3895,4983,2009
Strassen,46,3998.253,2922,5780,4264.941,2894,6203,2009
Tandel,3,3488.124,2301,4852,4264.941,2894,6203,2009
Troisvierges,2,3488.124,2301,4852,4264.941,2894,6203,2009
Tuntange,0,3488.124,2301,4852,4264.941,2894,6203,2009
Useldange,7,3488.124,2301,4852,4264.941,2894,6203,2009
Vall? de l'Ernz,2,3488.124,2301,4852,4264.941,2894,6203,2009
Vianden,1,3488.124,2301,4852,4264.941,2894,6203,2009
Vichten,6,3488.124,2301,4852,4264.941,2894,6203,2009
Wahl,0,3488.124,2301,4852,4264.941,2894,6203,2009
Waldbillig,5,3488.124,2301,4852,4264.941,2894,6203,2009
Waldbredimus,1,3488.124,2301,4852,4264.941,2894,6203,2009
Walferdange,42,3880.605,2739,4834,4264.941,2894,6203,2009
Weiler-la-Tour,3,3488.124,2301,4852,4264.941,2894,6203,2009
Weiswampach,5,3488.124,2301,4852,4264.941,2894,6203,2009
Wiltz,8,3488.124,2301,4852,4264.941,2894,6203,2009
Wincrange,3,3488.124,2301,4852,4264.941,2894,6203,2009
Winseler,4,3488.124,2301,4852,4264.941,2894,6203,2009
Wormeldange,2,3488.124,2301,4852,4264.941,2894,6203,2009
Beaufort,2,3663.585,2438,5142,4480.081,3155,6374,2010
Bech,0,3663.585,2438,5142,4480.081,3155,6374,2010
Beckerich,10,3140.999,2397,3950,4480.081,3155,6374,2010
Berdorf,2,3663.585,2438,5142,4480.081,3155,6374,2010
Bertrange,20,4122.171,3227,5567,4480.081,3155,6374,2010
Bettembourg,34,3482.89,2470,4289,4480.081,3155,6374,2010
Bettendorf,4,3663.585,2438,5142,4480.081,3155,6374,2010
Betzdorf,10,4306.119,3448,5001,4333.179,3684,4643,2010
Bissen,14,3245.175,2272,4000,4480.081,3155,6374,2010
Biwer,3,3663.585,2438,5142,4480.081,3155,6374,2010
Boevange-sur-Attert,2,3663.585,2438,5142,4480.081,3155,6374,2010
Boulaide,2,3663.585,2438,5142,4480.081,3155,6374,2010
Bourscheid,0,3663.585,2438,5142,4480.081,3155,6374,2010
Bous,5,3663.585,2438,5142,4480.081,3155,6374,2010
Clervaux,12,3321.924,2524,4865,3042.358,2535,3628,2010
Colmar-Berg,15,3213.209,2422,4270,4480.081,3155,6374,2010
Consdorf,3,3663.585,2438,5142,4480.081,3155,6374,2010
Contern,11,3853.918,2191,4993,4480.081,3155,6374,2010
Dalheim,12,3391.231,2705,4254,4480.081,3155,6374,2010
Diekirch,18,3428.99,2455,4152,4059.979,3251,4651,2010
Differdange,174,3268.796,2391,4073,3724.288,3232,4236,2010
Dippach,16,3531.395,2103,5111,4153.961,3540,4787,2010
Dudelange,123,3459.993,2527,4420,4090.169,3326,5127,2010
Echternach,26,3389.834,2491,4249,4480.081,3155,6374,2010
Ell,8,3663.585,2438,5142,2869.938,2264,3688,2010
Erpeldange,7,3663.585,2438,5142,3957.967,3206,5063,2010
Esch-sur-Alzette,160,3334.614,2441,4532,4081.28,3378,4827,2010
Esch-sur-S?e,1,3663.585,2438,5142,4480.081,3155,6374,2010
Eschweiler,4,3663.585,2438,5142,4480.081,3155,6374,2010
Ettelbruck,47,3295.174,2112,4302,4273.769,3456,4850,2010
Feulen,3,3663.585,2438,5142,4480.081,3155,6374,2010
Fischbach,4,3663.585,2438,5142,4480.081,3155,6374,2010
Flaxweiler,0,3663.585,2438,5142,4480.081,3155,6374,2010
Frisange,28,3648.618,2706,4807,4480.081,3155,6374,2010
Garnich,1,3663.585,2438,5142,4480.081,3155,6374,2010
Goesdorf,4,3663.585,2438,5142,4480.081,3155,6374,2010
Grevenmacher,32,3631.911,2620,4795,4480.081,3155,6374,2010
Grosbous,1,3663.585,2438,5142,4480.081,3155,6374,2010
Heffingen,0,3663.585,2438,5142,4480.081,3155,6374,2010
Hesperange,76,4236.483,3195,5277,4996.274,3907,6483,2010
Hobscheid,15,3462.752,2855,3830,4480.081,3155,6374,2010
Junglinster,16,3728.844,2739,4620,4533.006,3648,5197,2010
Kaerjeng,46,3454.338,2362,4284,4108.282,3564,4739,2010
Kayl,48,3426.965,2088,4406,3682.467,2863,5048,2010
Kehlen,8,3663.585,2438,5142,4670.821,3401,5427,2010
Kiischpelt,4,3663.585,2438,5142,4480.081,3155,6374,2010
Koerich,1,3663.585,2438,5142,4480.081,3155,6374,2010
Kopstal,5,3663.585,2438,5142,4480.081,3155,6374,2010
Lac de la Haute-S?e,3,3663.585,2438,5142,4480.081,3155,6374,2010
Larochette,17,2951.252,1742,3909,4480.081,3155,6374,2010
Lenningen,5,3663.585,2438,5142,4480.081,3155,6374,2010
Leudelange,16,3900.804,2534,5327,4480.081,3155,6374,2010
Lintgen,11,3588.295,2787,4373,4089.69,3239,4831,2010
Lorentzweiler,9,3663.585,2438,5142,4480.081,3155,6374,2010
Luxembourg City,448,4375.442,2922,6000,5621.878,4328,7082,2010
Mamer,16,3717.252,2584,4530,4569.894,3241,5223,2010
Manternach,1,3663.585,2438,5142,4480.081,3155,6374,2010
Mersch,34,3393.128,2274,4253,3713.142,3076,4357,2010
Mertert,9,3663.585,2438,5142,3844.9,2950,5233,2010
Mertzig,2,3663.585,2438,5142,4480.081,3155,6374,2010
Mompach,0,3663.585,2438,5142,4480.081,3155,6374,2010
Mondercange,26,3393.106,2786,3949,4480.081,3155,6374,2010
Mondorf-les-Bains,26,3749.51,2899,4615,4480.081,3155,6374,2010
Niederanven,2,3663.585,2438,5142,4480.081,3155,6374,2010
Nommern,1,3663.585,2438,5142,4480.081,3155,6374,2010
Parc Hosingen,1,3663.585,2438,5142,4480.081,3155,6374,2010
Petange,101,3254.111,2344,4059,3889.626,3070,5008,2010
Preizerdaul,5,3663.585,2438,5142,4480.081,3155,6374,2010
Putscheid,0,3663.585,2438,5142,4480.081,3155,6374,2010
Rambrouch,8,3663.585,2438,5142,4480.081,3155,6374,2010
Reckange-sur-Mess,14,4050.182,2970,5165,4480.081,3155,6374,2010
Redange,13,3655.397,2797,5204,4480.081,3155,6374,2010
Reisdorf,1,3663.585,2438,5142,4480.081,3155,6374,2010
Remich,34,3422.985,2475,4398,4021.912,3387,4346,2010
Roeser,56,4105.127,3199,4885,4415.29,3763,5412,2010
Rosport,5,3663.585,2438,5142,4480.081,3155,6374,2010
Rumelange,25,2956.041,2075,3611,3898.048,3451,4354,2010
Saeul,5,3663.585,2438,5142,4480.081,3155,6374,2010
Sandweiler,11,4178.674,3125,4666,4465.932,3560,5800,2010
Sanem,62,3350.863,2211,4191,3767.428,3135,4439,2010
Schengen,24,3158.712,2046,3991,4480.081,3155,6374,2010
Schieren,4,3663.585,2438,5142,4107.194,3801,4667,2010
Schifflange,55,3390.239,2144,4415,3887.972,3100,4764,2010
Schuttrange,8,3663.585,2438,5142,4480.081,3155,6374,2010
Septfontaines,0,3663.585,2438,5142,4480.081,3155,6374,2010
Stadtbredimus,5,3663.585,2438,5142,4480.081,3155,6374,2010
Steinfort,17,3471.206,2875,4646,4480.081,3155,6374,2010
Steinsel,12,3793.651,3015,4644,4273.856,3862,4815,2010
Strassen,54,4498.962,3009,5877,5305.981,4339,6002,2010
Tandel,4,3663.585,2438,5142,4480.081,3155,6374,2010
Troisvierges,1,3663.585,2438,5142,4480.081,3155,6374,2010
Tuntange,5,3663.585,2438,5142,4480.081,3155,6374,2010
Useldange,1,3663.585,2438,5142,4480.081,3155,6374,2010
Vall? de l'Ernz,8,3663.585,2438,5142,4480.081,3155,6374,2010
Vianden,3,3663.585,2438,5142,4480.081,3155,6374,2010
Vichten,4,3663.585,2438,5142,4480.081,3155,6374,2010
Wahl,0,3663.585,2438,5142,4480.081,3155,6374,2010
Waldbillig,1,3663.585,2438,5142,4480.081,3155,6374,2010
Waldbredimus,2,3663.585,2438,5142,4480.081,3155,6374,2010
Walferdange,37,4066.93,2936,5053,4579.322,4026,5103,2010
Weiler-la-Tour,12,4556.459,3775,5494,4480.081,3155,6374,2010
Weiswampach,3,3663.585,2438,5142,4480.081,3155,6374,2010
Wiltz,16,2894.613,2272,4249,4480.081,3155,6374,2010
Wincrange,4,3663.585,2438,5142,4480.081,3155,6374,2010
Winseler,7,3663.585,2438,5142,4480.081,3155,6374,2010
Wormeldange,11,3049.652,1908,4062,4480.081,3155,6374,2010
Beaufort,4,3858.319,2533,5487,4633.802,3232,6448,2011
Bech,2,3858.319,2533,5487,4633.802,3232,6448,2011
Beckerich,4,3858.319,2533,5487,4633.802,3232,6448,2011
Berdorf,6,3858.319,2533,5487,4633.802,3232,6448,2011
Bertrange,33,4610.767,3540,5587,5646.438,5128,6329,2011
Bettembourg,33,3672.309,2746,4389,4215.006,3440,4901,2011
Bettendorf,8,3858.319,2533,5487,4633.802,3232,6448,2011
Betzdorf,18,4179.503,2964,5253,4633.802,3232,6448,2011
Bissen,14,3517.562,2516,4065,4633.802,3232,6448,2011
Biwer,1,3858.319,2533,5487,4633.802,3232,6448,2011
Boevange-sur-Attert,5,3858.319,2533,5487,4633.802,3232,6448,2011
Boulaide,5,3858.319,2533,5487,4633.802,3232,6448,2011
Bourscheid,0,3858.319,2533,5487,4633.802,3232,6448,2011
Bous,10,3958.893,2759,4753,4633.802,3232,6448,2011
Clervaux,18,2951.121,1882,4503,3188.23,2879,3422,2011
Colmar-Berg,23,3372.796,2579,3938,3735.867,3057,4300,2011
Consdorf,1,3858.319,2533,5487,4633.802,3232,6448,2011
Contern,14,4201.906,2928,6358,4633.802,3232,6448,2011
Dalheim,6,3858.319,2533,5487,4633.802,3232,6448,2011
Diekirch,23,3556.437,2159,4620,4205.066,3091,5307,2011
Differdange,164,3397.404,2317,4315,3820.467,3000,4558,2011
Dippach,15,3755.555,3028,4698,4633.802,3232,6448,2011
Dudelange,120,3499.34,2585,4463,4188.708,2886,4591,2011
Echternach,24,3350.291,2556,3887,4633.802,3232,6448,2011
Ell,7,3858.319,2533,5487,4633.802,3232,6448,2011
Erpeldange,3,3858.319,2533,5487,4633.802,3232,6448,2011
Esch-sur-Alzette,210,3493.531,2293,4624,4358.958,3734,5293,2011
Esch-sur-S?e,3,3858.319,2533,5487,4633.802,3232,6448,2011
Eschweiler,1,3858.319,2533,5487,4633.802,3232,6448,2011
Ettelbruck,35,3561.33,2292,4646,4384.528,3690,4885,2011
Feulen,3,3858.319,2533,5487,4633.802,3232,6448,2011
Fischbach,8,3858.319,2533,5487,4633.802,3232,6448,2011
Flaxweiler,0,3858.319,2533,5487,4633.802,3232,6448,2011
Frisange,20,3543.395,1942,4798,4486.69,3695,4909,2011
Garnich,0,3858.319,2533,5487,4633.802,3232,6448,2011
Goesdorf,3,3858.319,2533,5487,4633.802,3232,6448,2011
Grevenmacher,31,3579.866,2121,4622,3486.124,3020,4017,2011
Grosbous,2,3858.319,2533,5487,4633.802,3232,6448,2011
Heffingen,2,3858.319,2533,5487,4633.802,3232,6448,2011
Hesperange,92,4423.53,3053,5545,5100.993,3821,5907,2011
Hobscheid,25,3496.858,2870,4344,3607.754,3300,3878,2011
Junglinster,20,3876.126,3141,4861,4298.82,3758,4946,2011
Kaerjeng,60,3655.145,2932,4670,4233.321,3642,4953,2011
Kayl,48,3521.893,2586,4386,3914.491,3294,4520,2011
Kehlen,11,3745.568,2201,4505,4249.167,3916,5322,2011
Kiischpelt,2,3858.319,2533,5487,4633.802,3232,6448,2011
Koerich,2,3858.319,2533,5487,4633.802,3232,6448,2011
Kopstal,5,3858.319,2533,5487,5799.917,4439,7212,2011
Lac de la Haute-S?e,2,3858.319,2533,5487,4633.802,3232,6448,2011
Larochette,15,3106.795,2226,3945,4633.802,3232,6448,2011
Lenningen,4,3858.319,2533,5487,4633.802,3232,6448,2011
Leudelange,18,4475.248,3361,5648,5066.268,4606,5669,2011
Lintgen,18,3674.715,2714,4862,4633.802,3232,6448,2011
Lorentzweiler,16,4037.158,2744,5018,4633.802,3232,6448,2011
Luxembourg City,506,4721.346,3209,6376,5469.143,4288,7042,2011
Mamer,23,4116.783,2830,4849,5080.397,4152,5672,2011
Manternach,1,3858.319,2533,5487,4633.802,3232,6448,2011
Mersch,39,3786.041,2548,5133,4444.478,3467,5228,2011
Mertert,30,3429.063,2366,4224,3999.828,3048,4576,2011
Mertzig,4,3858.319,2533,5487,4633.802,3232,6448,2011
Mompach,0,3858.319,2533,5487,4633.802,3232,6448,2011
Mondercange,30,3750.917,3034,5091,4633.802,3232,6448,2011
Mondorf-les-Bains,50,3824.959,2863,4791,4633.802,3232,6448,2011
Niederanven,2,3858.319,2533,5487,4633.802,3232,6448,2011
Nommern,1,3858.319,2533,5487,4633.802,3232,6448,2011
Parc Hosingen,9,3858.319,2533,5487,4633.802,3232,6448,2011
Petange,107,3486.133,2386,4844,3542.348,2908,4149,2011
Preizerdaul,2,3858.319,2533,5487,4633.802,3232,6448,2011
Putscheid,1,3858.319,2533,5487,4633.802,3232,6448,2011
Rambrouch,4,3858.319,2533,5487,4633.802,3232,6448,2011
Reckange-sur-Mess,9,3858.319,2533,5487,4633.802,3232,6448,2011
Redange,9,3858.319,2533,5487,4633.802,3232,6448,2011
Reisdorf,2,3858.319,2533,5487,4633.802,3232,6448,2011
Remich,42,3585.959,2442,4474,4633.802,3232,6448,2011
Roeser,55,4290.286,3484,5154,4661.442,4080,6100,2011
Rosport,4,3858.319,2533,5487,4633.802,3232,6448,2011
Rumelange,27,3224.222,2179,4190,3447.223,2967,4262,2011
Saeul,8,3858.319,2533,5487,4633.802,3232,6448,2011
Sandweiler,10,4613.913,3467,5791,4684.979,4050,5306,2011
Sanem,66,3457.655,2618,4116,3982.836,3257,5005,2011
Schengen,25,3359.153,2364,4084,3631.195,3069,3969,2011
Schieren,5,3858.319,2533,5487,4237.6,3728,4651,2011
Schifflange,48,3670.49,2420,4802,3755.776,2912,4862,2011
Schuttrange,12,3997.651,3208,5467,4633.802,3232,6448,2011
Septfontaines,0,3858.319,2533,5487,4633.802,3232,6448,2011
Stadtbredimus,8,3858.319,2533,5487,4633.802,3232,6448,2011
Steinfort,10,3724.306,2627,4333,4633.802,3232,6448,2011
Steinsel,5,3858.319,2533,5487,4633.802,3232,6448,2011
Strassen,49,4525.211,3362,5682,5657.992,4746,6869,2011
Tandel,4,3858.319,2533,5487,4633.802,3232,6448,2011
Troisvierges,3,3858.319,2533,5487,4633.802,3232,6448,2011
Tuntange,2,3858.319,2533,5487,3740.663,3189,4394,2011
Useldange,5,3858.319,2533,5487,4633.802,3232,6448,2011
Vall? de l'Ernz,10,2957.284,2127,3773,4633.802,3232,6448,2011
Vianden,3,3858.319,2533,5487,4633.802,3232,6448,2011
Vichten,5,3858.319,2533,5487,4633.802,3232,6448,2011
Wahl,3,3858.319,2533,5487,4633.802,3232,6448,2011
Waldbillig,1,3858.319,2533,5487,4633.802,3232,6448,2011
Waldbredimus,3,3858.319,2533,5487,4633.802,3232,6448,2011
Walferdange,44,4292.468,3148,5435,4633.802,3232,6448,2011
Weiler-la-Tour,7,3858.319,2533,5487,4389.929,3859,5095,2011
Weiswampach,7,3858.319,2533,5487,4633.802,3232,6448,2011
Wiltz,18,2982.909,2097,4691,4633.802,3232,6448,2011
Wincrange,4,3858.319,2533,5487,4633.802,3232,6448,2011
Winseler,8,3858.319,2533,5487,4633.802,3232,6448,2011
Wormeldange,15,3108.051,1963,4442,4633.802,3232,6448,2011
Beaufort,8,3998.736,2543,5933,4845.979,3221,6853,2012
Bech,1,3998.736,2543,5933,4845.979,3221,6853,2012
Beckerich,5,3998.736,2543,5933,4845.979,3221,6853,2012
Berdorf,4,3998.736,2543,5933,4845.979,3221,6853,2012
Bertrange,41,4698.006,3502,6088,6107.918,5319,7253,2012
Bettembourg,32,3666.91,2754,4564,4453.785,3493,5100,2012
Bettendorf,5,3998.736,2543,5933,4845.979,3221,6853,2012
Betzdorf,12,4020.1,2474,4971,4845.979,3221,6853,2012
Bissen,7,3998.736,2543,5933,4845.979,3221,6853,2012
Biwer,2,3998.736,2543,5933,4845.979,3221,6853,2012
Boevange-sur-Attert,0,3998.736,2543,5933,4845.979,3221,6853,2012
Boulaide,2,3998.736,2543,5933,4845.979,3221,6853,2012
Bourscheid,1,3998.736,2543,5933,4845.979,3221,6853,2012
Bous,3,3998.736,2543,5933,3554.878,2917,4070,2012
Clervaux,24,3007.043,2003,3499,4845.979,3221,6853,2012
Colmar-Berg,21,3459.188,2534,4061,4845.979,3221,6853,2012
Consdorf,1,3998.736,2543,5933,4845.979,3221,6853,2012
Contern,7,3998.736,2543,5933,4845.979,3221,6853,2012
Dalheim,5,3998.736,2543,5933,4845.979,3221,6853,2012
Diekirch,31,3652.541,2282,4487,4845.979,3221,6853,2012
Differdange,167,3495.463,2337,4579,3843.486,3280,4322,2012
Dippach,17,3793.629,1748,5135,4651.735,4263,5130,2012
Dudelange,109,3726.644,2423,4809,4413.628,3711,5129,2012
Echternach,25,3668.146,2931,4790,4845.979,3221,6853,2012
Ell,5,3998.736,2543,5933,4845.979,3221,6853,2012
Erpeldange,7,3998.736,2543,5933,4845.979,3221,6853,2012
Esch-sur-Alzette,181,3426.611,2183,4340,4588.709,3779,5666,2012
Esch-sur-S?e,5,3998.736,2543,5933,4845.979,3221,6853,2012
Eschweiler,6,3998.736,2543,5933,4845.979,3221,6853,2012
Ettelbruck,54,3608.368,2560,4499,4845.979,3221,6853,2012
Feulen,1,3998.736,2543,5933,4845.979,3221,6853,2012
Fischbach,8,3998.736,2543,5933,4845.979,3221,6853,2012
Flaxweiler,1,3998.736,2543,5933,4845.979,3221,6853,2012
Frisange,15,3740.67,1903,4819,3656.909,2537,4521,2012
Garnich,0,3998.736,2543,5933,4845.979,3221,6853,2012
Goesdorf,9,3998.736,2543,5933,4845.979,3221,6853,2012
Grevenmacher,44,3656.865,2767,4922,3806.672,2965,4625,2012
Grosbous,4,3998.736,2543,5933,4845.979,3221,6853,2012
Heffingen,3,3998.736,2543,5933,4845.979,3221,6853,2012
Hesperange,87,4585.163,3387,5896,5397.53,4008,7033,2012
Hobscheid,19,3567.256,2771,4224,4845.979,3221,6853,2012
Junglinster,16,4440.737,3439,5325,4942.814,4187,6124,2012
Kaerjeng,51,3722.413,2816,4769,4845.979,3221,6853,2012
Kayl,52,3742.394,2875,4569,4165.861,3405,4886,2012
Kehlen,18,4328.216,3252,5532,4845.979,3221,6853,2012
Kiischpelt,1,3998.736,2543,5933,4845.979,3221,6853,2012
Koerich,4,3998.736,2543,5933,4845.979,3221,6853,2012
Kopstal,6,3998.736,2543,5933,5846.862,4672,7065,2012
Lac de la Haute-S?e,3,3998.736,2543,5933,4845.979,3221,6853,2012
Larochette,11,3167.292,2055,3916,4845.979,3221,6853,2012
Lenningen,5,3998.736,2543,5933,4845.979,3221,6853,2012
Leudelange,13,4614.376,3715,5591,4913.145,4491,5839,2012
Lintgen,23,3884.23,2767,4920,4845.979,3221,6853,2012
Lorentzweiler,6,3998.736,2543,5933,4954.346,3604,5861,2012
Luxembourg City,458,5071.203,3520,6845,5789.002,4521,7582,2012
Mamer,31,4331.828,3074,5279,5031.616,4023,5749,2012
Manternach,1,3998.736,2543,5933,4845.979,3221,6853,2012
Mersch,41,3908.377,2970,4670,4520.063,3313,4935,2012
Mertert,14,3468.296,1804,4368,4845.979,3221,6853,2012
Mertzig,2,3998.736,2543,5933,4845.979,3221,6853,2012
Mompach,1,3998.736,2543,5933,4845.979,3221,6853,2012
Mondercange,29,3840.847,2863,4995,4845.979,3221,6853,2012
Mondorf-les-Bains,38,4122.83,3201,5078,4845.979,3221,6853,2012
Niederanven,2,3998.736,2543,5933,4845.979,3221,6853,2012
Nommern,0,3998.736,2543,5933,4845.979,3221,6853,2012
Parc Hosingen,10,3044.01,2454,3462,4845.979,3221,6853,2012
Petange,110,3490.944,2564,4396,3449.667,2904,4369,2012
Preizerdaul,1,3998.736,2543,5933,4845.979,3221,6853,2012
Putscheid,1,3998.736,2543,5933,4845.979,3221,6853,2012
Rambrouch,6,3998.736,2543,5933,4845.979,3221,6853,2012
Reckange-sur-Mess,5,3998.736,2543,5933,4845.979,3221,6853,2012
Redange,9,3998.736,2543,5933,4845.979,3221,6853,2012
Reisdorf,2,3998.736,2543,5933,4845.979,3221,6853,2012
Remich,28,3548.208,2460,4846,4219.075,2780,4972,2012
Roeser,35,4378.42,3497,5742,4806.334,4276,5922,2012
Rosport,3,3998.736,2543,5933,4845.979,3221,6853,2012
Rumelange,30,3432.808,2525,4260,4076.799,3416,4891,2012
Saeul,4,3998.736,2543,5933,4845.979,3221,6853,2012
Sandweiler,10,4362.772,3714,5274,4845.979,3221,6853,2012
Sanem,71,3670.783,2532,4705,4215.595,3197,5082,2012
Schengen,16,3619.799,2446,4787,4590.349,3903,5184,2012
Schieren,7,3998.736,2543,5933,4247.219,3604,4778,2012
Schifflange,40,3408.858,2254,4366,4248.729,3076,5139,2012
Schuttrange,7,3998.736,2543,5933,4845.979,3221,6853,2012
Septfontaines,0,3998.736,2543,5933,4845.979,3221,6853,2012
Stadtbredimus,5,3998.736,2543,5933,4845.979,3221,6853,2012
Steinfort,10,3549.644,2115,4511,4178.706,3862,4564,2012
Steinsel,16,4270.386,2612,5845,4845.979,3221,6853,2012
Strassen,54,5059.878,3544,6219,5966.764,4600,7121,2012
Tandel,7,3998.736,2543,5933,4845.979,3221,6853,2012
Troisvierges,5,3998.736,2543,5933,4845.979,3221,6853,2012
Tuntange,6,3998.736,2543,5933,4845.979,3221,6853,2012
Useldange,2,3998.736,2543,5933,4845.979,3221,6853,2012
Vall? de l'Ernz,1,3998.736,2543,5933,4845.979,3221,6853,2012
Vianden,0,3998.736,2543,5933,4845.979,3221,6853,2012
Vichten,2,3998.736,2543,5933,4845.979,3221,6853,2012
Wahl,0,3998.736,2543,5933,4845.979,3221,6853,2012
Waldbillig,4,3998.736,2543,5933,4845.979,3221,6853,2012
Waldbredimus,1,3998.736,2543,5933,4845.979,3221,6853,2012
Walferdange,32,4571.507,3568,5666,4845.979,3221,6853,2012
Weiler-la-Tour,6,3998.736,2543,5933,4845.979,3221,6853,2012
Weiswampach,5,3998.736,2543,5933,3861.883,3069,5578,2012
Wiltz,24,2868.001,2386,3432,4845.979,3221,6853,2012
Wincrange,6,3998.736,2543,5933,4845.979,3221,6853,2012
Winseler,8,3998.736,2543,5933,4845.979,3221,6853,2012
Wormeldange,6,3998.736,2543,5933,4845.979,3221,6853,2012
Beaufort,1,4160,2624,6176,5191,3382,7502,2013
Bech,1,4160,2624,6176,5191,3382,7502,2013
Beckerich,8,4160,2624,6176,5191,3382,7502,2013
Berdorf,3,4160,2624,6176,5191,3382,7502,2013
Bertrange,31,5367.213,3603,6705,6194.925,5321,7041,2013
Bettembourg,52,3804.153,2589,4959,5178.687,4078,6516,2013
Bettendorf,10,3555.294,2256,5275,5191,3382,7502,2013
Betzdorf,8,4160,2624,6176,5191,3382,7502,2013
Bissen,13,3155.827,1880,3794,5191,3382,7502,2013
Biwer,4,4160,2624,6176,5191,3382,7502,2013
Boevange-sur-Attert,2,4160,2624,6176,5191,3382,7502,2013
Boulaide,3,4160,2624,6176,5191,3382,7502,2013
Bourscheid,1,4160,2624,6176,5191,3382,7502,2013
Bous,2,4160,2624,6176,5191,3382,7502,2013
Clervaux,18,2927.163,1679,3532,5191,3382,7502,2013
Colmar-Berg,23,3441.542,2930,3962,5191,3382,7502,2013
Consdorf,1,4160,2624,6176,5191,3382,7502,2013
Contern,6,4160,2624,6176,5191,3382,7502,2013
Dalheim,2,4160,2624,6176,5191,3382,7502,2013
Diekirch,29,3770.578,2164,4967,4640.46,3722,5211,2013
Differdange,175,3604.329,2290,4696,3870.767,3198,4683,2013
Dippach,12,4009.644,2349,5357,5191,3382,7502,2013
Dudelange,122,3766.274,2550,4612,4687.194,3710,5479,2013
Echternach,24,3560.576,2264,4214,5191,3382,7502,2013
Ell,5,4160,2624,6176,5191,3382,7502,2013
Erpeldange,13,3832.546,2777,4899,5191,3382,7502,2013
Esch-sur-Alzette,193,3798.34,2600,5116,4496.925,3586,5356,2013
Esch-sur-S?e,2,4160,2624,6176,5191,3382,7502,2013
Eschweiler,1,4160,2624,6176,5191,3382,7502,2013
Ettelbruck,49,3495.778,1811,4893,4629.116,3179,5107,2013
Feulen,1,4160,2624,6176,5191,3382,7502,2013
Fischbach,7,4160,2624,6176,5191,3382,7502,2013
Flaxweiler,1,4160,2624,6176,5191,3382,7502,2013
Frisange,28,4374.453,3466,5397,4827.583,3898,5765,2013
Garnich,1,4160,2624,6176,5191,3382,7502,2013
Goesdorf,7,4160,2624,6176,5191,3382,7502,2013
Grevenmacher,24,3845.828,2686,4972,5191,3382,7502,2013
Grosbous,6,4160,2624,6176,5191,3382,7502,2013
Heffingen,0,4160,2624,6176,5191,3382,7502,2013
Hesperange,96,4758.769,3386,5932,5643.494,4338,6378,2013
Hobscheid,12,3786.632,2606,4522,3939.803,3220,4277,2013
Junglinster,18,4441.937,3573,5543,5191,3382,7502,2013
Kaerjeng,37,3583.825,2397,4708,5191,3382,7502,2013
Kayl,52,3867.934,2431,4976,4467.305,3943,5245,2013
Kehlen,16,4281.092,2053,5689,5191,3382,7502,2013
Kiischpelt,1,4160,2624,6176,5191,3382,7502,2013
Koerich,6,4160,2624,6176,5191,3382,7502,2013
Kopstal,7,4160,2624,6176,5805.74,4596,8099,2013
Lac de la Haute-S?e,1,4160,2624,6176,5191,3382,7502,2013
Larochette,11,3588.372,2707,4302,5191,3382,7502,2013
Lenningen,4,4160,2624,6176,5191,3382,7502,2013
Leudelange,14,4676.211,3796,5641,5191,3382,7502,2013
Lintgen,12,3891.442,3057,5293,4273.114,3567,5220,2013
Lorentzweiler,8,4160,2624,6176,5191,3382,7502,2013
Luxembourg City,433,5339.873,3644,7358,6443.662,4973,8637,2013
Mamer,24,4640.985,3891,5410,4790.469,3413,5608,2013
Manternach,0,4160,2624,6176,5191,3382,7502,2013
Mersch,51,3992.072,2642,5050,5191,3382,7502,2013
Mertert,17,3487.794,2322,4748,3925.931,2582,4858,2013
Mertzig,1,4160,2624,6176,5191,3382,7502,2013
Mompach,0,4160,2624,6176,5191,3382,7502,2013
Mondercange,22,3951.249,3118,5051,5191,3382,7502,2013
Mondorf-les-Bains,37,3977.683,2638,5319,5274.712,3878,6498,2013
Niederanven,3,4160,2624,6176,5191,3382,7502,2013
Nommern,0,4160,2624,6176,5191,3382,7502,2013
Parc Hosingen,8,4160,2624,6176,5191,3382,7502,2013
Petange,92,3536.948,2556,4517,3934.035,2997,5083,2013
Preizerdaul,3,4160,2624,6176,5191,3382,7502,2013
Putscheid,0,4160,2624,6176,5191,3382,7502,2013
Rambrouch,3,4160,2624,6176,5191,3382,7502,2013
Reckange-sur-Mess,5,4160,2624,6176,5191,3382,7502,2013
Redange,3,4160,2624,6176,5191,3382,7502,2013
Reisdorf,2,4160,2624,6176,5191,3382,7502,2013
Remich,35,3690.3,2193,4800,5191,3382,7502,2013
Roeser,52,4382.902,3306,5539,5409.038,4562,6538,2013
Rosport,2,4160,2624,6176,5191,3382,7502,2013
Rumelange,25,3475.385,2464,4791,5191,3382,7502,2013
Saeul,3,4160,2624,6176,5191,3382,7502,2013
Sandweiler,16,4837.229,3093,6168,5191,3382,7502,2013
Sanem,63,3695.969,2830,4457,4409.834,3552,5472,2013
Schengen,22,3640.58,2867,4687,5147.937,3598,6536,2013
Schieren,3,4160,2624,6176,5191,3382,7502,2013
Schifflange,37,3727.367,2201,5547,4385.45,3555,5587,2013
Schuttrange,12,4382.679,3739,5625,5191,3382,7502,2013
Septfontaines,0,4160,2624,6176,5191,3382,7502,2013
Stadtbredimus,8,4160,2624,6176,5191,3382,7502,2013
Steinfort,10,3956.172,3556,4433,4637.883,4080,5371,2013
Steinsel,14,4254.747,2585,6096,5467.176,4341,7478,2013
Strassen,51,5232.576,3886,6863,6292.847,5586,7321,2013
Tandel,9,4160,2624,6176,5191,3382,7502,2013
Troisvierges,5,4160,2624,6176,5191,3382,7502,2013
Tuntange,7,4160,2624,6176,4552.961,3936,5130,2013
Useldange,6,4160,2624,6176,5191,3382,7502,2013
Vall? de l'Ernz,6,4160,2624,6176,5191,3382,7502,2013
Vianden,5,4160,2624,6176,5191,3382,7502,2013
Vichten,8,4160,2624,6176,5191,3382,7502,2013
Wahl,2,4160,2624,6176,5191,3382,7502,2013
Waldbillig,2,4160,2624,6176,5191,3382,7502,2013
Waldbredimus,2,4160,2624,6176,5191,3382,7502,2013
Walferdange,36,4621.71,2964,5744,5191,3382,7502,2013
Weiler-la-Tour,5,4160,2624,6176,5191,3382,7502,2013
Weiswampach,6,4160,2624,6176,3318.423,2382,3843,2013
Wiltz,16,2821.589,1912,4685,5191,3382,7502,2013
Wincrange,5,4160,2624,6176,5191,3382,7502,2013
Winseler,5,4160,2624,6176,3593.943,2996,4624,2013
Wormeldange,6,4160,2624,6176,5191,3382,7502,2013
Beaufort,5,4323.188,2754,6487,5283.35,3444,7897,2014
Bech,2,4323.188,2754,6487,5283.35,3444,7897,2014
Beckerich,4,4323.188,2754,6487,5283.35,3444,7897,2014
Berdorf,7,4323.188,2754,6487,5283.35,3444,7897,2014
Bertrange,51,5974.742,4045,7711,6974.749,5452,8113,2014
Bettembourg,40,3925.209,3064,4540,5515.051,4216,6860,2014
Bettendorf,6,4323.188,2754,6487,5283.35,3444,7897,2014
Betzdorf,11,4058.906,2261,5174,5283.35,3444,7897,2014
Bissen,8,4323.188,2754,6487,4404.352,3828,4722,2014
Biwer,0,4323.188,2754,6487,5283.35,3444,7897,2014
Boevange-sur-Attert,1,4323.188,2754,6487,5283.35,3444,7897,2014
Boulaide,4,4323.188,2754,6487,5283.35,3444,7897,2014
Bourscheid,0,4323.188,2754,6487,5283.35,3444,7897,2014
Bous,6,4323.188,2754,6487,5283.35,3444,7897,2014
Clervaux,22,3105.94,2065,3893,3659.109,3418,3931,2014
Colmar-Berg,23,3667.436,2905,4253,5283.35,3444,7897,2014
Consdorf,2,4323.188,2754,6487,5283.35,3444,7897,2014
Contern,16,4237.257,2814,7180,5283.35,3444,7897,2014
Dalheim,3,4323.188,2754,6487,5283.35,3444,7897,2014
Diekirch,32,3747.355,2640,5006,4815.85,4086,5696,2014
Differdange,208,3676.2,2562,4755,4083.738,3380,4804,2014
Dippach,13,4310.926,3281,5529,5283.35,3444,7897,2014
Dudelange,131,3837.057,2698,4827,5321.431,4297,6126,2014
Echternach,22,3924.517,3061,5018,5283.35,3444,7897,2014
Ell,5,4323.188,2754,6487,5283.35,3444,7897,2014
Erpeldange,8,4323.188,2754,6487,5283.35,3444,7897,2014
Esch-sur-Alzette,279,3894.455,2846,5136,4704.335,3959,5386,2014
Esch-sur-S?e,6,4323.188,2754,6487,5283.35,3444,7897,2014
Eschweiler,2,4323.188,2754,6487,5283.35,3444,7897,2014
Ettelbruck,54,4065.033,2756,5404,4811.917,3291,5819,2014
Feulen,7,4323.188,2754,6487,5283.35,3444,7897,2014
Fischbach,3,4323.188,2754,6487,5283.35,3444,7897,2014
Flaxweiler,0,4323.188,2754,6487,5283.35,3444,7897,2014
Frisange,29,4120.192,3195,5048,4792.413,3770,5781,2014
Garnich,2,4323.188,2754,6487,5283.35,3444,7897,2014
Goesdorf,12,3364.693,2495,4034,5283.35,3444,7897,2014
Grevenmacher,36,4132.43,3106,4872,5283.35,3444,7897,2014
Grosbous,4,4323.188,2754,6487,4438.738,4088,4860,2014
Heffingen,2,4323.188,2754,6487,5283.35,3444,7897,2014
Hesperange,103,4948.887,3692,6149,6010.304,4898,7225,2014
Hobscheid,15,3722.201,2821,4379,5283.35,3444,7897,2014
Junglinster,18,4473.54,3037,6032,4830.23,3497,5598,2014
Kaerjeng,46,3844.951,2946,4716,5283.35,3444,7897,2014
Kayl,51,3897.749,2860,4780,4389.146,2937,5597,2014
Kehlen,13,4532.964,3054,5706,5113.648,4626,5927,2014
Kiischpelt,2,4323.188,2754,6487,5283.35,3444,7897,2014
Koerich,5,4323.188,2754,6487,5283.35,3444,7897,2014
Kopstal,11,5070.544,3348,7473,6671.999,5609,7934,2014
Lac de la Haute-S?e,3,4323.188,2754,6487,5283.35,3444,7897,2014
Larochette,12,3735.932,2890,4234,5283.35,3444,7897,2014
Lenningen,3,4323.188,2754,6487,5283.35,3444,7897,2014
Leudelange,16,4993.801,3863,6342,5283.35,3444,7897,2014
Lintgen,16,4165.789,3006,5248,4205.323,3633,5357,2014
Lorentzweiler,13,4713.437,3231,5879,5435.31,4993,5943,2014
Luxembourg City,536,5616.201,3946,7564,6745.443,5099,9089,2014
Mamer,39,4699.109,2996,5693,5532.278,3745,6067,2014
Manternach,0,4323.188,2754,6487,5283.35,3444,7897,2014
Mersch,61,4115.708,3176,5283,4568.739,3347,5306,2014
Mertert,24,3661.58,2701,4661,5283.35,3444,7897,2014
Mertzig,4,4323.188,2754,6487,5283.35,3444,7897,2014
Mompach,0,4323.188,2754,6487,5283.35,3444,7897,2014
Mondercange,29,4268.125,3100,5011,5283.35,3444,7897,2014
Mondorf-les-Bains,53,4240.231,3106,5310,4949.143,3763,6210,2014
Niederanven,1,4323.188,2754,6487,5283.35,3444,7897,2014
Nommern,3,4323.188,2754,6487,5283.35,3444,7897,2014
Parc Hosingen,8,4323.188,2754,6487,5283.35,3444,7897,2014
Petange,105,3590.012,2548,4656,3781.58,2911,4884,2014
Preizerdaul,4,4323.188,2754,6487,5283.35,3444,7897,2014
Putscheid,0,4323.188,2754,6487,5283.35,3444,7897,2014
Rambrouch,7,4323.188,2754,6487,5283.35,3444,7897,2014
Reckange-sur-Mess,9,4323.188,2754,6487,5283.35,3444,7897,2014
Redange,5,4323.188,2754,6487,4083.966,2504,5313,2014
Reisdorf,2,4323.188,2754,6487,5283.35,3444,7897,2014
Remich,40,3766.704,2274,4944,5283.35,3444,7897,2014
Roeser,55,4472.968,3260,5725,5374.824,4769,6324,2014
Rosport,2,4323.188,2754,6487,5283.35,3444,7897,2014
Rumelange,29,3558.148,2759,4617,5283.35,3444,7897,2014
Saeul,9,4323.188,2754,6487,5283.35,3444,7897,2014
Sandweiler,19,4862.558,3790,6453,5283.35,3444,7897,2014
Sanem,86,4053.875,2852,5277,4685.347,4111,5291,2014
Schengen,30,3261.414,1836,4392,5283.35,3444,7897,2014
Schieren,4,4323.188,2754,6487,5283.35,3444,7897,2014
Schifflange,56,3789.138,2828,5088,4595.778,4056,5668,2014
Schuttrange,18,4734.676,3787,5472,5283.35,3444,7897,2014
Septfontaines,0,4323.188,2754,6487,5283.35,3444,7897,2014
Stadtbredimus,16,3578.761,2025,4909,5283.35,3444,7897,2014
Steinfort,20,3942.106,2619,4997,5283.35,3444,7897,2014
Steinsel,14,4564.085,3640,5927,5283.35,3444,7897,2014
Strassen,59,5576.987,3674,7174,6809.667,6125,7741,2014
Tandel,2,4323.188,2754,6487,5283.35,3444,7897,2014
Troisvierges,6,4323.188,2754,6487,5283.35,3444,7897,2014
Tuntange,5,4323.188,2754,6487,4493.886,3817,5260,2014
Useldange,3,4323.188,2754,6487,5283.35,3444,7897,2014
Vall? de l'Ernz,11,3401.706,2456,4492,5283.35,3444,7897,2014
Vianden,4,4323.188,2754,6487,5283.35,3444,7897,2014
Vichten,2,4323.188,2754,6487,5283.35,3444,7897,2014
Wahl,0,4323.188,2754,6487,5283.35,3444,7897,2014
Waldbillig,4,4323.188,2754,6487,5283.35,3444,7897,2014
Waldbredimus,2,4323.188,2754,6487,5283.35,3444,7897,2014
Walferdange,44,4725.791,3323,5762,5283.35,3444,7897,2014
Weiler-la-Tour,7,4323.188,2754,6487,5283.35,3444,7897,2014
Weiswampach,8,4323.188,2754,6487,3594.236,3259,3854,2014
Wiltz,28,3031.256,2197,4707,5283.35,3444,7897,2014
Wincrange,5,4323.188,2754,6487,5283.35,3444,7897,2014
Winseler,20,3263.385,2795,4185,3563.287,2750,4461,2014
Wormeldange,5,4323.188,2754,6487,5283.35,3444,7897,2014
Beaufort,3,4470.578,2782,6803,5589.387,3683,7772,2015
Bech,1,4470.578,2782,6803,5589.387,3683,7772,2015
Beckerich,9,4470.578,2782,6803,5589.387,3683,7772,2015
Berdorf,8,4470.578,2782,6803,5589.387,3683,7772,2015
Bertrange,26,5773.148,4116,8090,7092.145,6252,8613,2015
Bettembourg,53,4075.371,3112,5189,5474.441,3751,6717,2015
Bettendorf,11,3443.911,2095,5678,4236.179,3031,5263,2015
Betzdorf,7,4470.578,2782,6803,5608.615,5069,6519,2015
Bissen,17,3789.934,3174,4717,5589.387,3683,7772,2015
Biwer,1,4470.578,2782,6803,5589.387,3683,7772,2015
Boevange-sur-Attert,2,4470.578,2782,6803,5589.387,3683,7772,2015
Boulaide,3,4470.578,2782,6803,5589.387,3683,7772,2015
Bourscheid,0,4470.578,2782,6803,5589.387,3683,7772,2015
Bous,11,4303.006,3104,5582,5589.387,3683,7772,2015
Clervaux,15,3200.625,2139,4416,3518.083,2577,4046,2015
Colmar-Berg,19,4128.748,2949,5365,5589.387,3683,7772,2015
Consdorf,3,4470.578,2782,6803,5589.387,3683,7772,2015
Contern,17,4584.945,2897,6503,6339.379,5608,7752,2015
Dalheim,7,4470.578,2782,6803,5589.387,3683,7772,2015
Diekirch,36,4166.409,3152,5666,4826.626,4143,5698,2015
Differdange,210,3858.024,2537,4985,4174.143,3081,5065,2015
Dippach,16,4558.71,2811,5795,5589.387,3683,7772,2015
Dudelange,130,3980.325,2792,5151,5259.101,3871,5945,2015
Echternach,18,3977.222,2833,5147,5154.434,4972,5702,2015
Ell,3,4470.578,2782,6803,5589.387,3683,7772,2015
Erpeldange,6,4470.578,2782,6803,5589.387,3683,7772,2015
Esch-sur-Alzette,264,3867.731,2754,5112,5613.273,3951,7070,2015
Esch-sur-S?e,5,4470.578,2782,6803,5589.387,3683,7772,2015
Ettelbruck,66,3674.434,2634,5073,5100.105,3846,5775,2015
Feulen,0,4470.578,2782,6803,4126.546,2973,4732,2015
Fischbach,5,4470.578,2782,6803,5589.387,3683,7772,2015
Flaxweiler,1,4470.578,2782,6803,5589.387,3683,7772,2015
Frisange,31,4622.278,3284,5696,5048.612,4294,5954,2015
Garnich,0,4470.578,2782,6803,5589.387,3683,7772,2015
Goesdorf,2,4470.578,2782,6803,5589.387,3683,7772,2015
Grevenmacher,33,3948.47,2783,5281,5589.387,3683,7772,2015
Grosbous,3,4470.578,2782,6803,5589.387,3683,7772,2015
Heffingen,2,4470.578,2782,6803,5589.387,3683,7772,2015
Hesperange,100,5312.129,3530,6730,6158.815,5031,7822,2015
Hobscheid,15,4180.134,3069,5452,5589.387,3683,7772,2015
Junglinster,15,4909.447,3930,5981,5589.387,3683,7772,2015
Kaerjeng,51,4044.644,3219,5126,5589.387,3683,7772,2015
Kayl,65,3993.751,3063,4990,4424.113,3389,5196,2015
Kehlen,6,4470.578,2782,6803,5484.042,4180,6467,2015
Kiischpelt,2,4470.578,2782,6803,5589.387,3683,7772,2015
Koerich,4,4470.578,2782,6803,5589.387,3683,7772,2015
Kopstal,11,4718.055,3498,6072,5589.387,3683,7772,2015
Lac de la Haute-S?e,2,4470.578,2782,6803,5589.387,3683,7772,2015
Larochette,11,3667.465,2947,4356,5589.387,3683,7772,2015
Lenningen,5,4470.578,2782,6803,5589.387,3683,7772,2015
Leudelange,29,5411.193,4133,6586,5589.387,3683,7772,2015
Lintgen,20,4531.518,2833,5742,4947.765,4027,5705,2015
Lorentzweiler,15,4898.024,3716,6154,5567.105,4009,6963,2015
Luxembourg City,479,6001.037,4111,8074,6834.179,5507,8575,2015
Mamer,33,4785.392,2907,6103,6002.441,4965,6767,2015
Manternach,0,4470.578,2782,6803,5589.387,3683,7772,2015
Mersch,52,4154.1,2591,5357,5240.166,3403,5981,2015
Mertert,26,4025.339,2462,5497,5589.387,3683,7772,2015
Mertzig,6,4470.578,2782,6803,5641.492,5271,6313,2015
Mompach,0,4470.578,2782,6803,5589.387,3683,7772,2015
Mondercange,37,4052.566,3276,5065,5589.387,3683,7772,2015
Mondorf-les-Bains,43,4605.52,3826,5744,5450.366,4858,6137,2015
Niederanven,5,4470.578,2782,6803,5589.387,3683,7772,2015
Nommern,3,4470.578,2782,6803,5589.387,3683,7772,2015
Parc Hosingen,10,3356.242,2883,3890,5589.387,3683,7772,2015
Petange,116,3801.344,2446,5014,4295.478,3339,5294,2015
Preizerdaul,5,4470.578,2782,6803,5589.387,3683,7772,2015
Putscheid,0,4470.578,2782,6803,5589.387,3683,7772,2015
Rambrouch,2,4470.578,2782,6803,5589.387,3683,7772,2015
Reckange-sur-Mess,10,4448.39,3978,5086,5589.387,3683,7772,2015
Redange,13,3493.708,2096,4239,5589.387,3683,7772,2015
Reisdorf,1,4470.578,2782,6803,5589.387,3683,7772,2015
Remich,31,4108.598,2446,5531,5589.387,3683,7772,2015
Roeser,51,4794.289,3902,5579,5471.505,5102,5892,2015
Rosport,6,4470.578,2782,6803,5589.387,3683,7772,2015
Rumelange,27,3762.553,2668,4574,4495.517,3797,6230,2015
Saeul,6,4470.578,2782,6803,5589.387,3683,7772,2015
Sandweiler,11,5122.117,4286,5985,5589.387,3683,7772,2015
Sanem,97,3815.747,2763,4871,4809.549,4095,6369,2015
Schengen,18,3947.562,2648,5277,5589.387,3683,7772,2015
Schieren,6,4470.578,2782,6803,5589.387,3683,7772,2015
Schifflange,56,3907.643,1999,5162,4872.272,4179,5792,2015
Schuttrange,15,4507.039,3210,6535,5589.387,3683,7772,2015
Septfontaines,0,4470.578,2782,6803,5589.387,3683,7772,2015
Stadtbredimus,8,4470.578,2782,6803,5589.387,3683,7772,2015
Steinfort,15,4087.643,3158,5765,5589.387,3683,7772,2015
Steinsel,19,4834.069,2453,6744,5589.387,3683,7772,2015
Strassen,57,5633.108,3606,7228,7198.045,5902,8854,2015
Tandel,5,4470.578,2782,6803,5589.387,3683,7772,2015
Troisvierges,8,4470.578,2782,6803,5589.387,3683,7772,2015
Tuntange,2,4470.578,2782,6803,4485.012,3366,5057,2015
Useldange,4,4470.578,2782,6803,5589.387,3683,7772,2015
Vall? de l'Ernz,10,3894.133,3550,4711,5589.387,3683,7772,2015
Vianden,8,4470.578,2782,6803,5589.387,3683,7772,2015
Vichten,4,4470.578,2782,6803,5589.387,3683,7772,2015
Wahl,0,4470.578,2782,6803,5589.387,3683,7772,2015
Waldbillig,1,4470.578,2782,6803,5589.387,3683,7772,2015
Waldbredimus,2,4470.578,2782,6803,5589.387,3683,7772,2015
Walferdange,47,4980.404,3671,6521,6329.018,5838,6716,2015
Weiler-la-Tour,11,4705.177,3969,5333,5589.387,3683,7772,2015
Weiswampach,5,4470.578,2782,6803,5589.387,3683,7772,2015
Wiltz,19,2892.064,1852,3734,3994.072,3851,4208,2015
Wincrange,3,4470.578,2782,6803,5589.387,3683,7772,2015
Winseler,6,4470.578,2782,6803,5589.387,3683,7772,2015
Wormeldange,8,4470.578,2782,6803,5589.387,3683,7772,2015
Beaufort,4,4795.104,2952,7641,6050.853,3852,8995,2016
Bech,3,4795.104,2952,7641,6050.853,3852,8995,2016
Beckerich,10,3369.673,2583,4342,6050.853,3852,8995,2016
Berdorf,2,4795.104,2952,7641,6050.853,3852,8995,2016
Bertrange,33,6310.217,4286,8646,7137.38,5608,8391,2016
Bettembourg,44,4622.269,3565,6151,5277.509,4821,6274,2016
Bettendorf,5,4795.104,2952,7641,6050.853,3852,8995,2016
Betzdorf,12,4357.622,2465,5431,6050.853,3852,8995,2016
Bissen,13,4174.365,3261,5973,4350.652,3365,4897,2016
Biwer,3,4795.104,2952,7641,6050.853,3852,8995,2016
Boevange-sur-Attert,3,4795.104,2952,7641,6050.853,3852,8995,2016
Boulaide,2,4795.104,2952,7641,6050.853,3852,8995,2016
Bourscheid,1,4795.104,2952,7641,6050.853,3852,8995,2016
Bous,8,4795.104,2952,7641,6050.853,3852,8995,2016
Clervaux,20,3615.938,2405,4881,3782.996,3357,4365,2016
Colmar-Berg,29,4131.442,3360,5072,6050.853,3852,8995,2016
Consdorf,6,4795.104,2952,7641,6050.853,3852,8995,2016
Contern,21,5083.801,3765,6200,6050.853,3852,8995,2016
Dalheim,3,4795.104,2952,7641,6050.853,3852,8995,2016
Diekirch,38,4015.693,2247,5874,5306.704,4013,6193,2016
Differdange,229,3999.447,2853,5408,4511.167,3550,5427,2016
Dippach,10,4393.569,2363,6360,5103.933,4605,6291,2016
Dudelange,149,4312.473,3114,5355,5250.11,4399,6085,2016
Echternach,24,4190.584,2451,5585,5027.275,4298,5620,2016
Ell,5,4795.104,2952,7641,6050.853,3852,8995,2016
Erpeldange,9,4795.104,2952,7641,6050.853,3852,8995,2016
Esch-sur-Alzette,294,4069.297,2735,5321,5668.348,4540,6938,2016
Esch-sur-S?e,1,4795.104,2952,7641,3874.158,3450,4068,2016
Ettelbruck,55,3897.768,2733,5548,5421.796,4773,6137,2016
Feulen,3,4795.104,2952,7641,6050.853,3852,8995,2016
Fischbach,2,4795.104,2952,7641,6050.853,3852,8995,2016
Flaxweiler,2,4795.104,2952,7641,6050.853,3852,8995,2016
Frisange,39,4582.405,3057,6000,6050.853,3852,8995,2016
Garnich,3,4795.104,2952,7641,6050.853,3852,8995,2016
Goesdorf,8,4795.104,2952,7641,6050.853,3852,8995,2016
Grevenmacher,39,3980.68,2875,5214,6050.853,3852,8995,2016
Grosbous,3,4795.104,2952,7641,6050.853,3852,8995,2016
Heffingen,8,4795.104,2952,7641,6050.853,3852,8995,2016
Hesperange,122,5590.56,3860,7226,7180.511,6405,8942,2016
Hobscheid,18,4055.172,2733,5748,4844.272,4391,5568,2016
Junglinster,21,5079.757,4306,5746,5773.864,5143,6874,2016
Kaerjeng,60,4240.096,2807,5685,6050.853,3852,8995,2016
Kayl,72,4527.896,3152,5941,4892.944,3859,5913,2016
Kehlen,16,4713.481,3644,6320,5441.239,4930,6125,2016
Kiischpelt,1,4795.104,2952,7641,6050.853,3852,8995,2016
Koerich,0,4795.104,2952,7641,6050.853,3852,8995,2016
Kopstal,15,6052.651,3156,8062,6050.853,3852,8995,2016
Lac de la Haute-S?e,3,4795.104,2952,7641,6050.853,3852,8995,2016
Larochette,9,4795.104,2952,7641,6050.853,3852,8995,2016
Lenningen,7,4795.104,2952,7641,6050.853,3852,8995,2016
Leudelange,14,5440.173,4194,6719,6050.853,3852,8995,2016
Lintgen,18,4726.954,3399,6275,5281.483,4891,6088,2016
Lorentzweiler,1,4795.104,2952,7641,5632.58,4427,7345,2016
Luxembourg City,560,6637.884,4389,9545,7586.524,5965,9666,2016
Mamer,39,5196.484,3068,6407,5949.236,5101,7011,2016
Manternach,2,4795.104,2952,7641,6050.853,3852,8995,2016
Mersch,47,4628.338,3219,5898,4984.231,3586,6043,2016
Mertert,28,4101.125,2743,5158,6050.853,3852,8995,2016
Mertzig,2,4795.104,2952,7641,6050.853,3852,8995,2016
Mompach,0,4795.104,2952,7641,6050.853,3852,8995,2016
Mondercange,32,4530.98,3636,5978,6050.853,3852,8995,2016
Mondorf-les-Bains,57,4476.257,3036,6163,5719.169,5299,6521,2016
Niederanven,3,4795.104,2952,7641,6050.853,3852,8995,2016
Nommern,3,4795.104,2952,7641,6050.853,3852,8995,2016
Parc Hosingen,4,4795.104,2952,7641,6050.853,3852,8995,2016
Petange,153,3829.76,2607,4897,4382.021,3527,5488,2016
Preizerdaul,1,4795.104,2952,7641,6050.853,3852,8995,2016
Putscheid,0,4795.104,2952,7641,6050.853,3852,8995,2016
Rambrouch,2,4795.104,2952,7641,6050.853,3852,8995,2016
Reckange-sur-Mess,14,4455.427,2593,5267,6050.853,3852,8995,2016
Redange,0,4795.104,2952,7641,6050.853,3852,8995,2016
Reisdorf,3,4795.104,2952,7641,6050.853,3852,8995,2016
Remich,30,4318.936,2703,5830,6050.853,3852,8995,2016
Roeser,60,4893.151,3539,6015,6050.853,3852,8995,2016
Rosport,2,4795.104,2952,7641,6050.853,3852,8995,2016
Rumelange,39,4013.321,2854,4971,6050.853,3852,8995,2016
Saeul,5,4795.104,2952,7641,6050.853,3852,8995,2016
Sandweiler,14,5571.595,3842,7223,6050.853,3852,8995,2016
Sanem,95,4119.665,2805,5348,5155.427,4621,5713,2016
Schengen,23,3983.527,2873,5217,6050.853,3852,8995,2016
Schieren,6,4795.104,2952,7641,6050.853,3852,8995,2016
Schifflange,77,4313.224,2751,5967,5136.079,4082,5954,2016
Schuttrange,11,4875.571,2435,6078,6050.853,3852,8995,2016
Septfontaines,0,4795.104,2952,7641,6050.853,3852,8995,2016
Stadtbredimus,11,4290.899,3456,5359,6050.853,3852,8995,2016
Steinfort,14,4342.794,2877,5994,6050.853,3852,8995,2016
Steinsel,15,5279.141,3381,7342,6050.853,3852,8995,2016
Strassen,56,6417.054,4462,7961,7690.357,6698,8804,2016
Tandel,6,4795.104,2952,7641,6050.853,3852,8995,2016
Troisvierges,3,4795.104,2952,7641,6050.853,3852,8995,2016
Tuntange,4,4795.104,2952,7641,6050.853,3852,8995,2016
Useldange,4,4795.104,2952,7641,6050.853,3852,8995,2016
Vall? de l'Ernz,11,3523.471,2128,4884,6050.853,3852,8995,2016
Vianden,5,4795.104,2952,7641,6050.853,3852,8995,2016
Vichten,2,4795.104,2952,7641,6050.853,3852,8995,2016
Wahl,1,4795.104,2952,7641,6050.853,3852,8995,2016
Waldbillig,3,4795.104,2952,7641,6050.853,3852,8995,2016
Waldbredimus,1,4795.104,2952,7641,6050.853,3852,8995,2016
Walferdange,44,5248.831,4123,6858,6050.853,3852,8995,2016
Weiler-la-Tour,6,4795.104,2952,7641,6050.853,3852,8995,2016
Weiswampach,8,4795.104,2952,7641,4037.083,3532,4646,2016
Wiltz,19,3144.391,1854,4477,4171.099,3778,4718,2016
Wincrange,3,4795.104,2952,7641,6050.853,3852,8995,2016
Winseler,9,4795.104,2952,7641,6050.853,3852,8995,2016
Wormeldange,12,3733.189,2602,5094,6050.853,3852,8995,2016
Beaufort,4,5102.931,3032,8096,6351.156,3921,9691,2017
Bech,0,5102.931,3032,8096,6351.156,3921,9691,2017
Beckerich,6,5102.931,3032,8096,4241.446,2695,5582,2017
Berdorf,8,5102.931,3032,8096,6351.156,3921,9691,2017
Bertrange,35,6500.847,4031,9600,7756.172,6405,9317,2017
Bettembourg,57,5047.437,3813,6587,5557.087,4005,6590,2017
Bettendorf,4,5102.931,3032,8096,6351.156,3921,9691,2017
Betzdorf,7,5102.931,3032,8096,6351.156,3921,9691,2017
Bissen,17,4338.599,2962,5675,6351.156,3921,9691,2017
Biwer,2,5102.931,3032,8096,6351.156,3921,9691,2017
Boevange-sur-Attert,6,5102.931,3032,8096,4651.555,3304,5946,2017
Boulaide,3,5102.931,3032,8096,6351.156,3921,9691,2017
Bourscheid,6,5102.931,3032,8096,6351.156,3921,9691,2017
Bous,9,5102.931,3032,8096,6351.156,3921,9691,2017
Clervaux,18,3567.86,2784,4610,3804.116,2963,4800,2017
Colmar-Berg,16,4526.117,3330,5641,6351.156,3921,9691,2017
Consdorf,5,5102.931,3032,8096,4759.209,4193,5280,2017
Contern,16,5659.474,4726,7561,6351.156,3921,9691,2017
Dalheim,7,5102.931,3032,8096,6351.156,3921,9691,2017
Diekirch,45,4614.083,3234,6086,5865.133,5320,6418,2017
Differdange,242,4265.998,2993,5512,4867.549,4224,5602,2017
Dippach,18,4897.931,3621,6513,5657.15,4829,6589,2017
Dudelange,151,4333.493,3018,5669,5291.549,4570,6341,2017
Echternach,40,4079.682,2463,4991,6351.156,3921,9691,2017
Ell,6,5102.931,3032,8096,4726.94,3036,5548,2017
Erpeldange,12,4207.625,2642,5420,6351.156,3921,9691,2017
Esch-sur-Alzette,321,4298.295,2710,5985,5345.714,4243,6579,2017
Esch-sur-S?e,11,3324.541,2541,3933,4170.041,3174,5439,2017
Ettelbruck,69,4294.743,3226,5644,5412.908,4451,6135,2017
Feulen,8,5102.931,3032,8096,6351.156,3921,9691,2017
Fischbach,4,5102.931,3032,8096,6351.156,3921,9691,2017
Flaxweiler,1,5102.931,3032,8096,6351.156,3921,9691,2017
Frisange,43,5138.245,3630,6681,5767.671,4451,6585,2017
Garnich,0,5102.931,3032,8096,6351.156,3921,9691,2017
Goesdorf,5,5102.931,3032,8096,6351.156,3921,9691,2017
Grevenmacher,31,4508.611,3501,5815,6351.156,3921,9691,2017
Grosbous,6,5102.931,3032,8096,6351.156,3921,9691,2017
Heffingen,4,5102.931,3032,8096,6351.156,3921,9691,2017
Hesperange,135,5792.701,4123,7139,7019.36,6039,8218,2017
Hobscheid,19,4276.944,2195,4910,4440.786,3743,5363,2017
Junglinster,21,5269.818,3983,6527,6351.156,3921,9691,2017
Kaerjeng,60,4322.124,2858,5474,6351.156,3921,9691,2017
Kayl,90,4608.412,2740,5933,5270.965,4570,6273,2017
Kehlen,20,4414.18,2754,5673,5827.322,4906,6570,2017
Kiischpelt,1,5102.931,3032,8096,6351.156,3921,9691,2017
Koerich,0,5102.931,3032,8096,6351.156,3921,9691,2017
Kopstal,7,5102.931,3032,8096,6351.156,3921,9691,2017
Lac de la Haute-S?e,2,5102.931,3032,8096,6351.156,3921,9691,2017
Larochette,15,3807.627,2362,4593,6351.156,3921,9691,2017
Lenningen,8,5102.931,3032,8096,6351.156,3921,9691,2017
Leudelange,16,6097.307,4569,7585,6351.156,3921,9691,2017
Lintgen,17,4900.887,3406,6202,5620.81,4719,6456,2017
Lorentzweiler,23,5042.964,2464,6332,5881.979,5039,7070,2017
Luxembourg City,660,7074.265,4636,9635,8121.719,6197,10761,2017
Mamer,40,5715.779,3921,6793,6491.274,5707,7688,2017
Manternach,2,5102.931,3032,8096,6351.156,3921,9691,2017
Mersch,68,4809.692,3495,6234,5841.251,4412,6828,2017
Mertert,28,4300.843,2989,5498,6351.156,3921,9691,2017
Mertzig,3,5102.931,3032,8096,6351.156,3921,9691,2017
Mompach,0,5102.931,3032,8096,6351.156,3921,9691,2017
Mondercange,37,4624.191,3482,5722,5917.593,5338,6934,2017
Mondorf-les-Bains,58,4778.425,3435,5997,5848.665,5119,6463,2017
Niederanven,10,6341.091,4678,9292,6351.156,3921,9691,2017
Nommern,6,5102.931,3032,8096,6351.156,3921,9691,2017
Parc Hosingen,11,3312.529,2524,4069,6351.156,3921,9691,2017
Petange,161,4140.083,2826,5417,4585.255,3704,5798,2017
Preizerdaul,2,5102.931,3032,8096,6351.156,3921,9691,2017
Putscheid,6,5102.931,3032,8096,6351.156,3921,9691,2017
Rambrouch,3,5102.931,3032,8096,6351.156,3921,9691,2017
Reckange-sur-Mess,17,4442.598,2459,5420,6351.156,3921,9691,2017
Redange,8,5102.931,3032,8096,4377.6,3661,6124,2017
Reisdorf,5,5102.931,3032,8096,6351.156,3921,9691,2017
Remich,36,4410.228,2815,6417,6351.156,3921,9691,2017
Roeser,58,5459.41,4336,7096,6351.156,3921,9691,2017
Rosport,4,5102.931,3032,8096,6351.156,3921,9691,2017
Rumelange,41,4002.229,2255,5464,6351.156,3921,9691,2017
Saeul,5,5102.931,3032,8096,6351.156,3921,9691,2017
Sandweiler,28,5920.732,4336,7298,6578.296,5475,7847,2017
Sanem,103,4651.014,3303,6124,5749.672,5212,6481,2017
Schengen,24,4597.21,3437,5646,6351.156,3921,9691,2017
Schieren,11,4788.753,3704,5303,6351.156,3921,9691,2017
Schifflange,82,4693.706,3081,6342,5453.964,4678,6797,2017
Schuttrange,8,5102.931,3032,8096,6351.156,3921,9691,2017
Septfontaines,24,4365.74,3408,5650,6351.156,3921,9691,2017
Stadtbredimus,10,4515.269,3414,6374,6351.156,3921,9691,2017
Steinfort,24,4678.769,3993,5860,5691.04,5028,6456,2017
Steinsel,16,5745.579,4598,7696,6351.156,3921,9691,2017
Strassen,79,6820.979,5056,8686,8234.295,6654,10038,2017
Tandel,2,5102.931,3032,8096,6351.156,3921,9691,2017
Troisvierges,2,5102.931,3032,8096,6351.156,3921,9691,2017
Tuntange,11,4681.857,4065,5249,6351.156,3921,9691,2017
Useldange,9,5102.931,3032,8096,6351.156,3921,9691,2017
Vall? de l'Ernz,6,5102.931,3032,8096,6351.156,3921,9691,2017
Vianden,4,5102.931,3032,8096,4087.224,3263,4808,2017
Vichten,2,5102.931,3032,8096,6351.156,3921,9691,2017
Wahl,0,5102.931,3032,8096,6351.156,3921,9691,2017
Waldbillig,2,5102.931,3032,8096,6351.156,3921,9691,2017
Waldbredimus,0,5102.931,3032,8096,6351.156,3921,9691,2017
Walferdange,47,5707.024,4394,7256,6351.156,3921,9691,2017
Weiler-la-Tour,6,5102.931,3032,8096,6351.156,3921,9691,2017
Weiswampach,17,3593.456,2340,6232,6351.156,3921,9691,2017
Wiltz,31,3386.271,2040,6075,6351.156,3921,9691,2017
Wincrange,10,3311.776,2512,4442,6351.156,3921,9691,2017
Winseler,5,5102.931,3032,8096,6351.156,3921,9691,2017
Wormeldange,9,5102.931,3032,8096,6351.156,3921,9691,2017
Beaufort,7,5576.048,3203,9210,6331.764,3933,9894,2018
Bech,2,5576.048,3203,9210,6331.764,3933,9894,2018
Beckerich,12,4425.813,3307,6015,4814.598,3562,6692,2018
Berdorf,2,5576.048,3203,9210,5753.235,3838,6892,2018
Bertrange,44,7478.94,5436,10381,8674.669,7315,10346,2018
Bettembourg,59,5154.922,3798,6609,6043.739,4783,7318,2018
Bettendorf,5,5576.048,3203,9210,4814.694,4148,5385,2018
Betzdorf,6,5576.048,3203,9210,6331.764,3933,9894,2018
Bissen,12,4804.897,3086,5822,6331.764,3933,9894,2018
Biwer,1,5576.048,3203,9210,6331.764,3933,9894,2018
Boulaide,5,5576.048,3203,9210,6331.764,3933,9894,2018
Bourscheid,1,5576.048,3203,9210,6331.764,3933,9894,2018
Bous,5,5576.048,3203,9210,6331.764,3933,9894,2018
Clervaux,31,3703.225,3003,4775,3875.116,3191,4411,2018
Colmar-Berg,27,4534.066,3716,5470,6331.764,3933,9894,2018
Consdorf,0,5576.048,3203,9210,6331.764,3933,9894,2018
Contern,14,5807.372,4974,7429,6015.131,5687,6490,2018
Dalheim,9,5576.048,3203,9210,6331.764,3933,9894,2018
Diekirch,33,4695.884,3373,6209,5589.283,5010,6410,2018
Differdange,292,4608.201,3106,5911,5119.859,4178,6193,2018
Dippach,22,5130.902,4270,5925,6331.764,3933,9894,2018
Dudelange,155,4726.373,3070,6617,5535.225,4743,6381,2018
Echternach,19,4605.043,3202,6383,4898.403,4194,5497,2018
Ell,8,5576.048,3203,9210,4347.651,3353,5241,2018
Erpeldange-sur-S?e,7,5576.048,3203,9210,6331.764,3933,9894,2018
Esch-sur-Alzette,343,4639.077,3089,6221,5969.123,4393,7407,2018
Esch-sur-S?e,8,5576.048,3203,9210,4135.531,3236,5574,2018
Ettelbruck,55,4618.387,2971,6598,5411.378,5033,6263,2018
Feulen,3,5576.048,3203,9210,6331.764,3933,9894,2018
Fischbach,3,5576.048,3203,9210,6331.764,3933,9894,2018
Flaxweiler,0,5576.048,3203,9210,6331.764,3933,9894,2018
Frisange,36,5358.449,3650,6923,6331.764,3933,9894,2018
Garnich,3,5576.048,3203,9210,6331.764,3933,9894,2018
Goesdorf,7,5576.048,3203,9210,6331.764,3933,9894,2018
Grevenmacher,37,4843.007,3856,6049,6331.764,3933,9894,2018
Grosbous,4,5576.048,3203,9210,6331.764,3933,9894,2018
Habscht,38,4573.041,3303,5835,5042.861,4280,6292,2018
Heffingen,2,5576.048,3203,9210,6331.764,3933,9894,2018
Helperknapp,16,4484.244,2800,5342,5340.09,4334,5838,2018
Hesperange,109,6474.283,4866,8338,7654.678,6560,8865,2018
Junglinster,33,5827.396,4821,6994,6085.923,5461,6517,2018
K?rjeng,51,4793.77,3396,6258,5725.623,4883,6798,2018
Kayl,85,5018.03,3631,6415,5612.844,4060,7415,2018
Kehlen,23,5437.076,3154,6966,6331.764,3933,9894,2018
Kiischpelt,2,5576.048,3203,9210,6331.764,3933,9894,2018
Koerich,4,5576.048,3203,9210,6331.764,3933,9894,2018
Kopstal,9,5576.048,3203,9210,6331.764,3933,9894,2018
Lac de la Haute-S?e,3,5576.048,3203,9210,3952.654,3612,4216,2018
Larochette,10,4006.61,3041,4835,4699.989,3348,5666,2018
Lenningen,4,5576.048,3203,9210,6331.764,3933,9894,2018
Leudelange,30,6662.367,4972,8114,6331.764,3933,9894,2018
Lintgen,16,4736.072,2378,7699,5922.4,5216,6881,2018
Lorentzweiler,17,6025.886,3442,7345,6381.013,4991,7639,2018
Luxembourg City,667,8099.065,5465,11173,8846.485,6853,11321,2018
Mamer,39,5704.181,3953,7364,6876.866,6125,7795,2018
Manternach,1,5576.048,3203,9210,6331.764,3933,9894,2018
Mersch,51,5331.087,3399,6862,6364.119,4965,7574,2018
Mertert,22,4506.939,3117,5650,5832.067,3289,6789,2018
Mertzig,6,5576.048,3203,9210,6331.764,3933,9894,2018
Mondercange,37,4911.838,3617,6225,6119.783,5215,7172,2018
Mondorf-les-Bains,52,5504.732,4017,7147,6331.764,3933,9894,2018
Niederanven,8,5576.048,3203,9210,6331.764,3933,9894,2018
Nommern,0,5576.048,3203,9210,6331.764,3933,9894,2018
Parc Hosingen,10,3790.807,2684,5270,6331.764,3933,9894,2018
Petange,166,4606.169,3269,5982,4941.946,4083,6135,2018
Preizerdaul,2,5576.048,3203,9210,6331.764,3933,9894,2018
Putscheid,1,5576.048,3203,9210,6331.764,3933,9894,2018
Rambrouch,10,3343.177,2264,4509,6331.764,3933,9894,2018
Reckange-sur-Mess,8,5576.048,3203,9210,6331.764,3933,9894,2018
Redange,11,4601.3,3337,5968,6331.764,3933,9894,2018
Reisdorf,2,5576.048,3203,9210,6331.764,3933,9894,2018
Remich,35,4521.653,2805,6510,6331.764,3933,9894,2018
Roeser,51,6020.082,4869,7887,6331.764,3933,9894,2018
Rosport-Mompach,4,5576.048,3203,9210,6331.764,3933,9894,2018
Rumelange,22,4238.411,2750,5285,6331.764,3933,9894,2018
Saeul,6,5576.048,3203,9210,6331.764,3933,9894,2018
Sandweiler,17,6233.378,4047,8172,6331.764,3933,9894,2018
Sanem,113,4787.675,3425,6100,5627.642,4825,6816,2018
Schengen,29,4453.324,3087,5446,5370.639,3937,6544,2018
Schieren,3,5576.048,3203,9210,5821.961,5201,6877,2018
Schifflange,86,5380.191,4016,6846,5477.657,4588,6662,2018
Schuttrange,13,5800.971,4269,7454,6331.764,3933,9894,2018
Stadtbredimus,14,4877.59,3399,6510,6331.764,3933,9894,2018
Steinfort,25,4880.639,3459,6064,6080.544,5036,7346,2018
Steinsel,22,5939.89,4676,7643,6602.266,5042,8586,2018
Strassen,54,7367.333,5107,9749,8729.939,7474,9705,2018
Tandel,9,5576.048,3203,9210,6331.764,3933,9894,2018
Troisvierges,6,5576.048,3203,9210,6331.764,3933,9894,2018
Useldange,3,5576.048,3203,9210,6331.764,3933,9894,2018
Vall? de l'Ernz,10,4146.455,2638,5068,6331.764,3933,9894,2018
Vianden,5,5576.048,3203,9210,6331.764,3933,9894,2018
Vichten,7,5576.048,3203,9210,6331.764,3933,9894,2018
Wahl,0,5576.048,3203,9210,6331.764,3933,9894,2018
Waldbillig,4,5576.048,3203,9210,6331.764,3933,9894,2018
Waldbredimus,3,5576.048,3203,9210,6331.764,3933,9894,2018
Walferdange,47,6362.115,4141,8325,6613.008,5610,8296,2018
Weiler-la-Tour,4,5576.048,3203,9210,6331.764,3933,9894,2018
Weiswampach,21,4265.552,2639,5608,4094.959,3454,4604,2018
Wiltz,52,3503.493,2578,5384,4209.685,3700,5002,2018
Wincrange,8,5576.048,3203,9210,6331.764,3933,9894,2018
Winseler,7,5576.048,3203,9210,6331.764,3933,9894,2018
Wormeldange,11,4120.396,3136,4943,6331.764,3933,9894,2018
Beaufort,4,6057.491,3482,10224,7144.921,4455,11429,2019
Bech,0,6057.491,3482,10224,7144.921,4455,11429,2019
Beckerich,7,6057.491,3482,10224,7144.921,4455,11429,2019
Berdorf,7,6057.491,3482,10224,5998.852,4252,7153,2019
Bertrange,30,8534.381,6059,12519,10372.7,8239,12373,2019
Bettembourg,40,5993.624,4536,7667,6532.668,5254,7673,2019
Bettendorf,9,6057.491,3482,10224,5273.409,4629,5797,2019
Betzdorf,7,6057.491,3482,10224,7144.921,4455,11429,2019
Bissen,15,5131.815,2229,7762,6564.49,4087,7959,2019
Biwer,2,6057.491,3482,10224,7144.921,4455,11429,2019
Boulaide,3,6057.491,3482,10224,7144.921,4455,11429,2019
Bourscheid,8,6057.491,3482,10224,7144.921,4455,11429,2019
Bous,9,6057.491,3482,10224,7144.921,4455,11429,2019
Clervaux,29,3750.946,2414,4909,4266.756,3614,5020,2019
Colmar-Berg,23,5080.127,4077,6298,5645.067,4967,6553,2019
Consdorf,4,6057.491,3482,10224,7144.921,4455,11429,2019
Contern,8,6057.491,3482,10224,6682.436,4564,8332,2019
Dalheim,4,6057.491,3482,10224,7144.921,4455,11429,2019
Diekirch,34,5077.94,2792,6969,6651.808,5750,8122,2019
Differdange,302,4955.395,3383,6385,5765.934,4898,6762,2019
Dippach,19,5692.636,3975,7653,7144.921,4455,11429,2019
Dudelange,134,5301.83,3799,6966,6264.2,5106,7116,2019
Echternach,31,4709.595,3430,5714,7144.921,4455,11429,2019
Ell,5,6057.491,3482,10224,7144.921,4455,11429,2019
Erpeldange-sur-S?e,9,6057.491,3482,10224,7144.921,4455,11429,2019
Esch-sur-Alzette,273,5111.066,3204,7072,6880.667,4918,8653,2019
Esch-sur-S?e,5,6057.491,3482,10224,7144.921,4455,11429,2019
Ettelbruck,51,5126.396,3547,6318,6005.122,5245,7209,2019
Feulen,1,6057.491,3482,10224,7144.921,4455,11429,2019
Fischbach,3,6057.491,3482,10224,7144.921,4455,11429,2019
Flaxweiler,1,6057.491,3482,10224,7144.921,4455,11429,2019
Frisange,29,5606.809,4090,7764,7144.921,4455,11429,2019
Garnich,0,6057.491,3482,10224,7144.921,4455,11429,2019
Goesdorf,4,6057.491,3482,10224,7144.921,4455,11429,2019
Grevenmacher,34,5112.565,2996,6737,7144.921,4455,11429,2019
Grosbous,6,6057.491,3482,10224,7144.921,4455,11429,2019
Habscht,22,4566.196,2805,6130,5397.44,4243,6647,2019
Heffingen,9,6057.491,3482,10224,7144.921,4455,11429,2019
Helperknapp,8,6057.491,3482,10224,5631.614,4502,7512,2019
Hesperange,100,7529.675,5597,10075,9288.41,7127,11718,2019
Junglinster,18,5919.748,3876,7894,6846.482,4540,8793,2019
K?rjeng,40,5202.5,3645,6514,6130.067,4705,7330,2019
Kayl,85,5669.298,3964,7328,5453.717,3945,7082,2019
Kehlen,11,6502.957,4847,7362,6730.598,5179,7769,2019
Kiischpelt,1,6057.491,3482,10224,7144.921,4455,11429,2019
Koerich,4,6057.491,3482,10224,7144.921,4455,11429,2019
Kopstal,9,6057.491,3482,10224,7495.499,5766,10436,2019
Lac de la Haute-S?e,6,6057.491,3482,10224,4159.368,3481,5003,2019
Larochette,9,6057.491,3482,10224,7144.921,4455,11429,2019
Lenningen,3,6057.491,3482,10224,7144.921,4455,11429,2019
Leudelange,10,7444.546,5398,10581,7144.921,4455,11429,2019
Lintgen,20,5385.33,3541,6756,6496.094,5197,7702,2019
Lorentzweiler,15,6573.653,4871,8154,7299.852,5488,8520,2019
Luxembourg City,544,9028.888,6111,12528,9565.421,7296,13071,2019
Mamer,29,6360.426,3697,7801,7250.893,6367,8543,2019
Manternach,0,6057.491,3482,10224,7144.921,4455,11429,2019
Mersch,42,5391.43,3648,7648,6693.732,5683,8112,2019
Mertert,24,5054.051,4476,5847,6112.991,5608,8263,2019
Mertzig,4,6057.491,3482,10224,7144.921,4455,11429,2019
Mondercange,38,5627.777,3828,7429,6802.265,5953,7879,2019
Mondorf-les-Bains,46,5799.292,4301,7270,6863.08,5992,7730,2019
Niederanven,4,6057.491,3482,10224,7984.797,6846,11222,2019
Nommern,1,6057.491,3482,10224,7144.921,4455,11429,2019
Parc Hosingen,17,3734.793,2252,5487,7144.921,4455,11429,2019
Petange,158,4968.367,3424,6523,5556.013,4232,6854,2019
Preizerdaul,0,6057.491,3482,10224,7144.921,4455,11429,2019
Putscheid,0,6057.491,3482,10224,7144.921,4455,11429,2019
Rambrouch,6,6057.491,3482,10224,7144.921,4455,11429,2019
Reckange-sur-Mess,9,6057.491,3482,10224,7144.921,4455,11429,2019
Redange,6,6057.491,3482,10224,4611.888,3527,5236,2019
Reisdorf,2,6057.491,3482,10224,7144.921,4455,11429,2019
Remich,38,4988.758,2967,7526,7144.921,4455,11429,2019
Roeser,50,6254.064,5006,7740,7231.337,6440,7674,2019
Rosport-Mompach,3,6057.491,3482,10224,7144.921,4455,11429,2019
Rumelange,40,4821.418,3342,6847,7144.921,4455,11429,2019
Saeul,7,6057.491,3482,10224,7144.921,4455,11429,2019
Sandweiler,18,6697.787,4498,8144,7144.921,4455,11429,2019
Sanem,87,5190.53,3969,6645,6555.673,5739,7351,2019
Schengen,31,4913.149,2341,7395,7144.921,4455,11429,2019
Schieren,7,6057.491,3482,10224,5860.286,4835,7349,2019
Schifflange,95,5884.693,3967,7748,6548.972,5750,7189,2019
Schuttrange,9,6057.491,3482,10224,7144.921,4455,11429,2019
Stadtbredimus,15,4868.965,3541,6797,7144.921,4455,11429,2019
Steinfort,13,5164.225,3502,6099,6349.872,5402,7050,2019
Steinsel,10,6497.457,3854,8956,7144.921,4455,11429,2019
Strassen,51,8374.249,5674,12720,8927.277,7869,10006,2019
Tandel,8,6057.491,3482,10224,7144.921,4455,11429,2019
Troisvierges,5,6057.491,3482,10224,4103.775,3446,4857,2019
Useldange,5,6057.491,3482,10224,7144.921,4455,11429,2019
Vall? de l'Ernz,8,6057.491,3482,10224,7144.921,4455,11429,2019
Vianden,4,6057.491,3482,10224,7144.921,4455,11429,2019
Vichten,1,6057.491,3482,10224,7144.921,4455,11429,2019
Wahl,2,6057.491,3482,10224,7144.921,4455,11429,2019
Waldbillig,1,6057.491,3482,10224,7144.921,4455,11429,2019
Waldbredimus,1,6057.491,3482,10224,7144.921,4455,11429,2019
Walferdange,43,6733.753,5190,7707,8542.867,6763,9503,2019
Weiler-la-Tour,12,6358.872,4922,11586,7144.921,4455,11429,2019
Weiswampach,20,4308.856,3123,6893,4549.379,3609,5677,2019
Wiltz,38,3943.857,2559,5433,4517.939,3870,5031,2019
Wincrange,3,6057.491,3482,10224,7144.921,4455,11429,2019
Winseler,7,6057.491,3482,10224,7144.921,4455,11429,2019
Wormeldange,13,5201.641,3246,8498,5693.948,5014,6660,2019
Beaufort,0,7013.651,3936,11386,5067.7,3978,6831,2020
Bech,1,7013.651,3936,11386,8014.137,4406,12830,2020
Beckerich,6,7013.651,3936,11386,8014.137,4406,12830,2020
Berdorf,12,5109.805,3125,8048,4653.24,2865,6889,2020
Bertrange,53,10087.75,5854,13850,11789.56,8648,15352,2020
Bettembourg,39,6962.498,4733,9119,8014.137,4406,12830,2020
Bettendorf,12,5178.926,3409,6774,5745.518,5034,6253,2020
Betzdorf,3,7013.651,3936,11386,8014.137,4406,12830,2020
Bissen,21,6149.693,4323,8489,7555.255,6445,9645,2020
Biwer,0,7013.651,3936,11386,8014.137,4406,12830,2020
Boulaide,1,7013.651,3936,11386,8014.137,4406,12830,2020
Bourscheid,6,7013.651,3936,11386,5479.441,4884,6169,2020
Bous,5,7013.651,3936,11386,8014.137,4406,12830,2020
Clervaux,27,4351.606,3028,5680,4748.297,3935,5669,2020
Colmar-Berg,16,5460.977,3975,7895,8014.137,4406,12830,2020
Consdorf,3,7013.651,3936,11386,8014.137,4406,12830,2020
Contern,8,7013.651,3936,11386,7254.854,6454,8059,2020
Dalheim,2,7013.651,3936,11386,8014.137,4406,12830,2020
Diekirch,39,6083.052,3596,8219,7219.241,5702,8901,2020
Differdange,258,5998.667,3758,8002,6789.276,5349,8560,2020
Dippach,10,6997.619,4941,8239,8014.137,4406,12830,2020
Dudelange,142,6467.795,4316,8777,7096.421,5110,9047,2020
Echternach,28,5344.43,3936,6974,8014.137,4406,12830,2020
Ell,5,7013.651,3936,11386,8014.137,4406,12830,2020
Erpeldange-sur-S?e,9,7013.651,3936,11386,8014.137,4406,12830,2020
Esch-sur-Alzette,290,6021.245,3964,8126,7174.428,6332,8281,2020
Esch-sur-S?e,11,5021.589,2819,6935,8014.137,4406,12830,2020
Ettelbruck,42,5507.034,3885,7420,7262.643,5456,8885,2020
Feulen,2,7013.651,3936,11386,8014.137,4406,12830,2020
Fischbach,3,7013.651,3936,11386,8014.137,4406,12830,2020
Flaxweiler,0,7013.651,3936,11386,8014.137,4406,12830,2020
Frisange,28,6595.078,4550,8346,8014.137,4406,12830,2020
Garnich,1,7013.651,3936,11386,8014.137,4406,12830,2020
Goesdorf,7,7013.651,3936,11386,8014.137,4406,12830,2020
Grevenmacher,21,5473.559,4185,6700,8014.137,4406,12830,2020
Grosbous,8,7013.651,3936,11386,8014.137,4406,12830,2020
Habscht,26,5862.458,4237,8651,6442.289,4075,7426,2020
Heffingen,6,7013.651,3936,11386,8014.137,4406,12830,2020
Helperknapp,17,5971.514,3626,9087,5928.154,4189,7041,2020
Hesperange,95,8437.13,5185,10688,9436.338,7690,11374,2020
Junglinster,17,7131.358,4823,9155,7510.385,5903,9226,2020
K?rjeng,36,6373.17,4566,8797,7060.758,5764,9127,2020
Kayl,92,6599.31,4452,8556,7013.544,5887,8291,2020
Kehlen,13,7059.869,4763,9306,8014.137,4406,12830,2020
Kiischpelt,1,7013.651,3936,11386,8014.137,4406,12830,2020
Koerich,5,7013.651,3936,11386,8014.137,4406,12830,2020
Kopstal,17,8606.176,5395,12743,9590.241,7084,11076,2020
Lac de la Haute-S?e,1,7013.651,3936,11386,8014.137,4406,12830,2020
Larochette,12,5439.491,4197,6918,8014.137,4406,12830,2020
Lenningen,8,7013.651,3936,11386,8014.137,4406,12830,2020
Leudelange,10,7410.144,6864,8045,8014.137,4406,12830,2020
Lintgen,16,6329.684,2779,8385,8565.338,5495,11006,2020
Lorentzweiler,17,7951.777,4718,9795,8183.931,7139,8857,2020
Luxembourg City,465,10263.31,7165,13508,11468.78,8535,14217,2020
Mamer,29,7200.017,4405,9709,8165.216,6981,9451,2020
Manternach,1,7013.651,3936,11386,8014.137,4406,12830,2020
Mersch,52,6355.496,3977,8487,8014.137,4406,12830,2020
Mertert,22,5574.484,3786,6815,6243.54,5193,8204,2020
Mertzig,6,7013.651,3936,11386,8014.137,4406,12830,2020
Mondercange,33,6641.473,3770,8960,7419.811,4745,9245,2020
Mondorf-les-Bains,40,6618.351,4181,8833,9109.481,6360,11239,2020
Niederanven,4,7013.651,3936,11386,8668.021,6642,13729,2020
Nommern,1,7013.651,3936,11386,8014.137,4406,12830,2020
Parc Hosingen,7,7013.651,3936,11386,8014.137,4406,12830,2020
Petange,168,5862.33,3914,7480,5841.589,4394,7124,2020
Preizerdaul,3,7013.651,3936,11386,5184.871,4155,6881,2020
Putscheid,1,7013.651,3936,11386,8014.137,4406,12830,2020
Rambrouch,7,7013.651,3936,11386,8014.137,4406,12830,2020
Reckange-sur-Mess,5,7013.651,3936,11386,8014.137,4406,12830,2020
Redange,4,7013.651,3936,11386,8014.137,4406,12830,2020
Reisdorf,4,7013.651,3936,11386,8014.137,4406,12830,2020
Remich,38,6173.364,3670,8346,9040.15,8339,10089,2020
Roeser,46,7563.608,5785,8886,8726.466,7222,9880,2020
Rosport-Mompach,4,7013.651,3936,11386,8014.137,4406,12830,2020
Rumelange,31,5612.728,3882,8179,8014.137,4406,12830,2020
Saeul,4,7013.651,3936,11386,8014.137,4406,12830,2020
Sandweiler,22,7509.731,5661,9003,8014.137,4406,12830,2020
Sanem,101,6184.894,3921,8214,7029.289,5849,8384,2020
Schengen,29,5799.017,3965,7885,8014.137,4406,12830,2020
Schieren,8,7013.651,3936,11386,6000.86,4636,6726,2020
Schifflange,110,7321.271,4947,9592,8014.137,4406,12830,2020
Schuttrange,12,7412.579,4602,8980,8014.137,4406,12830,2020
Stadtbredimus,16,5737.508,2780,8678,8014.137,4406,12830,2020
Steinfort,15,6792.917,5048,9533,7154.644,6350,7654,2020
Steinsel,24,7477.813,5131,9165,8656.368,7088,9490,2020
Strassen,60,9682.671,6186,12134,9771.091,8173,12654,2020
Tandel,9,7013.651,3936,11386,8014.137,4406,12830,2020
Troisvierges,9,7013.651,3936,11386,8014.137,4406,12830,2020
Useldange,3,7013.651,3936,11386,5597.8,3611,6589,2020
Vall? de l'Ernz,8,7013.651,3936,11386,8014.137,4406,12830,2020
Vianden,10,4871.424,2929,6840,8014.137,4406,12830,2020
Vichten,7,7013.651,3936,11386,8014.137,4406,12830,2020
Wahl,1,7013.651,3936,11386,8014.137,4406,12830,2020
Waldbillig,5,7013.651,3936,11386,8014.137,4406,12830,2020
Waldbredimus,1,7013.651,3936,11386,8014.137,4406,12830,2020
Walferdange,35,8745.353,5399,12661,10297.04,8393,12624,2020
Weiler-la-Tour,11,7396.082,4554,9335,8014.137,4406,12830,2020
Weiswampach,22,4604.129,4018,5356,4676.454,3623,5868,2020
Wiltz,40,4132.73,2899,6037,4387.193,3753,5009,2020
Wincrange,2,7013.651,3936,11386,8014.137,4406,12830,2020
Winseler,2,7013.651,3936,11386,8014.137,4406,12830,2020
Wormeldange,14,5848.607,4003,7510,7283.857,5934,8671,2020
Beaufort,1,7562.748,4202,12055,5110.479,3978,6831,2021
Bech,0,7562.748,4202,12055,8328.162,4462,13398,2021
Beckerich,11,5796.739,4038,7079,8328.162,4462,13398,2021
Berdorf,12,5610.163,3125,8048,8328.162,4462,13398,2021
Bertrange,59,10248.5,6372,13850,12508.21,6567,15490,2021
Bettembourg,46,7065.449,5139,8409,8328.162,4462,13398,2021
Bettendorf,10,5760.253,4271,7270,5928.688,4386,6364,2021
Betzdorf,6,7562.748,4202,12055,8328.162,4462,13398,2021
Bissen,30,6467.053,3685,8800,7438.165,6699,9645,2021
Biwer,0,7562.748,4202,12055,8328.162,4462,13398,2021
Boulaide,1,7562.748,4202,12055,8328.162,4462,13398,2021
Bourscheid,3,7562.748,4202,12055,5188.875,4329,6169,2021
Bous,8,7562.748,4202,12055,8328.162,4462,13398,2021
Clervaux,25,4688.47,3028,5680,4903.056,4046,5669,2021
Colmar-Berg,17,6245.733,3975,7895,8328.162,4462,13398,2021
Consdorf,3,7562.748,4202,12055,8328.162,4462,13398,2021
Contern,15,8232.312,5449,10530,8328.162,4462,13398,2021
Dalheim,3,7562.748,4202,12055,8328.162,4462,13398,2021
Diekirch,42,6164.791,3888,7971,7047.645,5856,8723,2021
Differdange,305,6613.595,4017,8839,7223.409,5813,8802,2021
Dippach,15,7373.321,5928,9030,8328.162,4462,13398,2021
Dudelange,158,6819.912,4424,9034,7579.097,5883,9171,2021
Echternach,30,5324.28,3631,6470,8328.162,4462,13398,2021
Ell,11,5850.77,4669,7512,8328.162,4462,13398,2021
Erpeldange-sur-S?e,9,7562.748,4202,12055,8328.162,4462,13398,2021
Esch-sur-Alzette,311,6477.536,4159,8849,7101.214,5345,8058,2021
Esch-sur-S?e,13,5265.06,2819,6935,8328.162,4462,13398,2021
Ettelbruck,55,6120.966,3931,9259,7872.833,6409,8903,2021
Feulen,3,7562.748,4202,12055,8328.162,4462,13398,2021
Fischbach,3,7562.748,4202,12055,8328.162,4462,13398,2021
Flaxweiler,1,7562.748,4202,12055,8328.162,4462,13398,2021
Frisange,26,6836.003,5192,8346,7004.12,5152,8676,2021
Garnich,3,7562.748,4202,12055,8328.162,4462,13398,2021
Goesdorf,7,7562.748,4202,12055,8328.162,4462,13398,2021
Grevenmacher,23,6248.841,4351,8067,8328.162,4462,13398,2021
Grosbous,6,7562.748,4202,12055,8328.162,4462,13398,2021
Habscht,29,6611.759,4352,9184,8328.162,4462,13398,2021
Heffingen,6,7562.748,4202,12055,8328.162,4462,13398,2021
Helperknapp,18,6780.201,4632,8907,6458.125,5459,6985,2021
Hesperange,112,8879.934,6101,11224,9987.847,7660,12000,2021
Junglinster,21,7607.73,4753,9633,7897.061,5903,9636,2021
K?rjeng,53,6483.877,4563,8757,8328.162,4462,13398,2021
Kayl,103,7177.147,4823,8772,7080.117,5475,9210,2021
Kehlen,18,7778.446,4763,10876,8328.162,4462,13398,2021
Kiischpelt,2,7562.748,4202,12055,8328.162,4462,13398,2021
Koerich,6,7562.748,4202,12055,8328.162,4462,13398,2021
Kopstal,17,8661.839,5395,12743,9956.929,8806,10850,2021
Lac de la Haute-S?e,0,7562.748,4202,12055,4470.737,3974,5019,2021
Larochette,17,5741.251,3899,7581,8328.162,4462,13398,2021
Lenningen,5,7562.748,4202,12055,8328.162,4462,13398,2021
Leudelange,14,8605.874,6225,11703,8328.162,4462,13398,2021
Lintgen,14,7926.153,5297,10002,8542.827,6524,11006,2021
Lorentzweiler,16,8488.527,6538,10552,8535.747,7981,9973,2021
Luxembourg City,590,10753.31,7631,14061,12043.98,9006,16489,2021
Mamer,38,8193.478,4728,10286,8525.211,7037,9590,2021
Manternach,2,7562.748,4202,12055,8328.162,4462,13398,2021
Mersch,56,6774.072,4342,9426,8182.034,6314,10059,2021
Mertert,29,6092.819,3778,8288,6346.823,5189,8481,2021
Mertzig,4,7562.748,4202,12055,8328.162,4462,13398,2021
Mondercange,39,7099.025,3770,9104,7716.722,4813,9245,2021
Mondorf-les-Bains,63,7091.208,5092,9488,9285.071,6553,11239,2021
Niederanven,2,7562.748,4202,12055,8328.162,4462,13398,2021
Nommern,4,7562.748,4202,12055,8328.162,4462,13398,2021
Parc Hosingen,12,5138.558,3565,6755,8328.162,4462,13398,2021
Petange,179,6347.4,3914,8415,6413.226,4698,8853,2021
Preizerdaul,3,7562.748,4202,12055,8328.162,4462,13398,2021
Putscheid,1,7562.748,4202,12055,8328.162,4462,13398,2021
Rambrouch,3,7562.748,4202,12055,6346.311,4002,7186,2021
Reckange-sur-Mess,3,7562.748,4202,12055,8328.162,4462,13398,2021
Redange,8,7562.748,4202,12055,8328.162,4462,13398,2021
Reisdorf,4,7562.748,4202,12055,8328.162,4462,13398,2021
Remich,29,6742.355,4260,8381,9416.114,5997,10999,2021
Roeser,57,8009.745,5745,9936,8728.359,8307,9892,2021
Rosport-Mompach,3,7562.748,4202,12055,8328.162,4462,13398,2021
Rumelange,37,5919.899,3882,8959,8328.162,4462,13398,2021
Saeul,4,7562.748,4202,12055,8328.162,4462,13398,2021
Sandweiler,24,7946.743,6232,9369,8923.151,6761,11120,2021
Sanem,119,6954.774,4595,9255,7543.572,5813,8652,2021
Schengen,27,6268.924,4286,8612,8328.162,4462,13398,2021
Schieren,11,6262.215,4177,8866,8328.162,4462,13398,2021
Schifflange,109,7864.685,5041,9977,8328.162,4462,13398,2021
Schuttrange,14,7301.463,4602,8980,8328.162,4462,13398,2021
Stadtbredimus,12,6542.102,3761,8678,8328.162,4462,13398,2021
Steinfort,15,7472.665,4480,10115,7645.255,6381,8678,2021
Steinsel,20,8216.039,4846,11269,8948.008,7925,10067,2021
Strassen,73,9998.379,6867,12472,10181.37,7285,14385,2021
Tandel,3,7562.748,4202,12055,8328.162,4462,13398,2021
Troisvierges,17,4571.306,3573,6489,8328.162,4462,13398,2021
Useldange,6,7562.748,4202,12055,5597.8,3611,6589,2021
Vall? de l'Ernz,8,7562.748,4202,12055,8328.162,4462,13398,2021
Vianden,7,7562.748,4202,12055,8328.162,4462,13398,2021
Vichten,6,7562.748,4202,12055,8328.162,4462,13398,2021
Wahl,1,7562.748,4202,12055,6516.123,5531,7292,2021
Waldbillig,6,7562.748,4202,12055,8328.162,4462,13398,2021
Waldbredimus,1,7562.748,4202,12055,7390.262,6359,8397,2021
Walferdange,54,8915.935,5900,12661,10833.99,7324,12734,2021
Weiler-la-Tour,7,7562.748,4202,12055,8328.162,4462,13398,2021
Weiswampach,33,4516.001,3498,5643,4704.013,3623,5931,2021
Wiltz,26,4318.547,2904,6132,4745.887,3753,5622,2021
Wincrange,5,7562.748,4202,12055,8328.162,4462,13398,2021
Winseler,6,7562.748,4202,12055,8328.162,4462,13398,2021
Wormeldange,18,5798.188,4003,7510,8328.162,4462,13398,2021
